CreatureTemplateWOWID|GossipMenuOptionID|OptionText|DestZoneShortName|DestX|DestY|DestZ|DestOrientation
55819|0|Send me to the Plane of Sky (Instance).|airplane|1384|539|-668.872437|3.14159
55819|1|Send me to the Plane of Hate (Instance).|hateplane|-362.000031|-353.000031|0|2.69784
55820|0|Send me to the Nagafen's Lair (Instance).|soldungb|-972.004700|-265.948822|-54.968719|3.14159
55821|0|Send me to the Permafrost Caverns (Instance).|permafrost|471.626831|-235.345261|0|0
55822|0|Send me to the Plane of Fear (Instance).|fearplane|-766.88446|1041.675293|104.506828|0
55824|0|Send me to The Hole (Instance).|hole|657.476562|669.118042|-881.652466|4.712389
55825|0|Send me to Kedge Keep (Instance).|kedge|-20.207291|-31.572590|-107.464088|1.570796
55826|0|Send me to Chardok (Instance).|chardok|-583.332581|515.965271|-139.937408|1.570796
55827|0|Send me to Karnor's Castle (Instance).|karnor|-76.902702|-553.389648|14.000050|4.712389
55828|0|Send me to Old Sebilis (Instance).|sebilis|-1328.624146|220.485626|-179.937393|4.712389
55829|0|Send me to Veeshan's Peak (Instance).|veeshan|34.907459|1679.515381|24.000111|0
55827|1|Send me to The Dreadlands (Instance).|dreadlands|228.056717|5894.872559|1181.344727|3.14159
55829|1|Send me to the Skyfire Mountains (Instance).|skyfire|2417.916992|2809.953857|-87.715927|5.497787
55830|0|Send me to Howling Stones (Instance).|charasis|278.765259|-357.058014|18.000059|4.712389
55831|0|Send me to the Emerald Jungle (Instance).|emeraldjungle|1694.485718|2571.218750|-344.468628|0
55832|0|Send me to Timorous Deep (Instance).|timorous|-12257.290039|4371.698730|-7.485570|3.14159
55841|0|Send me to Skyshrine (Instance).|skyshrine|-173.621033|-737.694092|0|6.27533
55842|0|Send me to Icewell Keep (Instance).|thurgadinb|157.911453|4.22322|-0.99996|6.2714
55843|0|Send me to Kael Drakkal (Instance).|kael|-7.262|-637.935913|119.937531|3.03164
55844|0|Send me to Sleeper's Tomb (Instance).|sleeper|-13.06065|-35.45636|0|1.61006
55845|0|Send me to the Wakening Land (Instance).|wakening|646.402405|-1027.352783|-153.187408|6.21249
55845|1|Send me to the Plane of Growth (Instance).|growthplane|-2506.599365|3019.073486|-25.73488|5.45067
55846|0|Send me to Cobalt Scar (Instance).|cobaltscar|845.640076|-1664.630615|312.024109|2.24618
55847|0|Send me to the Temple of Veeshan (Instance).|templeveeshan|-2029.904297|-500.067841|-49.968479|0
55847|1|Send me to the Western Wastes (Instance).|westwastes|-5128.387207|-3819.803955|-251.749985|0.01571
55848|0|Send me to the Dragon Necropolis (Instance).|necropolis|-84.657967|1967.692017|0|5.30536
55849|0|Send me to Velketor's Labyrinth (Instance).|velketor|578.546387|-124.0802|-155.937469|3.11411
