ID,Name,HelmRed,HelmGreen,HelmBlue,ChestRed,ChestGreen,ChestBlue,ArmsRed,ArmsGreen,ArmsBlue,BracerRed,BracerGreen,BracerBlue,HandsRed,HandsGreen,HandsBlue,LegsRed,LegsGreen,LegsBlue,FeetRed,FeetGreen,FeetBlue
1017,an_investigator17,0,0,0,129,83,14,0,0,0,0,0,0,0,0,0,0,0,0,0,0,0
1037,Xantomo_Salmor37,0,0,0,175,10,50,0,0,0,0,0,0,0,0,0,0,0,0,0,0,0
1038,#D`mitrious_Irska38,0,0,0,10,50,200,0,0,0,0,0,0,0,0,0,0,0,0,0,0,0
1062,Daenor_Casthopur62,0,0,0,70,50,210,0,0,0,0,0,0,0,0,0,0,0,0,0,0,0
1063,Kazlo_Naedra63,0,0,0,70,50,210,0,0,0,0,0,0,0,0,0,0,0,0,0,0,0
1064,Gahlith_Wrannstad64,0,0,0,90,70,250,0,0,0,0,0,0,0,0,0,0,0,0,0,0,0
1065,Basten_Ghunret65,0,0,0,70,50,210,0,0,0,0,0,0,0,0,0,0,0,0,0,0,0
1066,Unsar_Koldhagon66,0,0,0,70,50,210,0,0,0,0,0,0,0,0,0,0,0,0,0,0,0
1067,Esdia_Moeba67,0,0,0,80,60,230,0,0,0,0,0,0,0,0,0,0,0,0,0,0,0
1068,Mespha_Tevalian68,0,0,0,90,70,250,0,0,0,0,0,0,0,0,0,0,0,0,0,0,0
1069,Yestura_Rhamrey69,0,0,0,70,50,210,0,0,0,0,0,0,0,0,0,0,0,0,0,0,0
1070,Juegile_Sohgohm70,0,0,0,70,50,210,0,0,0,0,0,0,0,0,0,0,0,0,0,0,0
1071,Tinshen_Brinth71,0,0,0,80,60,230,0,0,0,0,0,0,0,0,0,0,0,0,0,0,0
1128,Nostahla_Westfend128,0,0,0,80,60,230,0,0,0,0,0,0,0,0,0,0,0,0,0,0,0
1129,Kinloc_Flamepaw129,0,0,0,90,70,250,0,0,0,0,0,0,0,0,0,0,0,0,0,0,0
2144,Rineval_Talyas144,0,0,0,10,50,100,0,0,0,0,0,0,0,0,0,0,0,0,0,0,0
4033,Neclo_Rheslar33,0,0,0,70,50,210,0,0,0,0,0,0,0,0,0,0,0,0,0,0,0
4226,Neclo_Rheslar36,0,0,0,70,50,210,70,50,210,70,50,210,0,0,0,0,0,0,0,0,0
9000,Driana_Poxsbourne0,0,0,0,40,0,40,0,0,0,0,0,0,0,0,0,0,0,0,0,0,0
9065,Nusk_Treton65,0,0,0,115,0,90,0,0,0,0,0,0,0,0,0,0,0,0,0,0,0
9069,Glyssa_Sonshaw69,0,0,0,125,0,80,0,0,0,0,0,0,0,0,0,0,0,0,0,0,0
9070,Shana_Liskia70,0,0,0,115,0,90,0,0,0,0,0,0,0,0,0,0,0,0,0,0,0
9073,Hemia_Skemner73,0,0,0,125,0,80,0,0,0,0,0,0,0,0,0,0,0,0,0,0,0
9074,Palon_Deskeb74,0,0,0,115,0,90,0,0,0,0,0,0,0,0,0,0,0,0,0,0,0
9075,Opal_Darkbriar75,0,0,0,135,0,70,0,0,0,0,0,0,0,0,0,0,0,0,0,0,0
9078,Dooly_Jonkers78,0,0,0,115,0,90,0,0,0,0,0,0,0,0,0,0,0,0,0,0,0
9079,Tara_Neklene79,0,0,0,125,0,80,0,0,0,0,0,0,0,0,0,0,0,0,0,0,0
9080,Lorme_Tredore80,0,0,0,135,0,70,0,0,0,0,0,0,0,0,0,0,0,0,0,0,0
9081,Bello_Fruegnos81,0,0,0,115,0,90,0,0,0,0,0,0,0,0,0,0,0,0,0,0,0
9082,Lynce_Renardo82,0,0,0,115,0,90,0,0,0,0,0,0,0,0,0,0,0,0,0,0,0
9131,Besklor_Tyrenson131,0,0,0,115,0,90,0,0,0,0,0,0,0,0,0,0,0,0,0,0,0
9132,Respin_Yawg132,0,0,0,115,0,90,0,0,0,0,0,0,0,0,0,0,0,0,0,0,0
10112,Mheno_Raveus112,0,0,0,110,0,0,0,0,0,0,0,0,0,0,0,0,0,0,0,0,0
10113,Xelha_Nevagon113,0,0,0,100,0,0,0,0,0,0,0,0,0,0,0,0,0,0,0,0,0
10139,Nexvok_Thirod139,0,0,0,90,0,0,0,0,0,0,0,0,0,0,0,0,0,0,0,0,0
10140,Konious_Eranon140,0,0,0,90,0,0,0,0,0,0,0,0,0,0,0,0,0,0,0,0,0
10141,Heneva_Jexsped141,0,0,0,90,0,0,0,0,0,0,0,0,0,0,0,0,0,0,0,0,0
10151,Jheron_Felkis151,0,0,0,115,0,90,0,0,0,0,0,0,0,0,0,0,0,0,0,0,0
12173,,0,0,0,120,0,20,120,0,20,120,0,20,0,0,0,0,0,0,0,0,0
12272,Maligar272,0,0,0,120,0,20,120,0,20,120,0,20,0,0,0,0,0,0,0,0,0
12417,Maligar238,0,0,0,120,0,20,0,0,0,0,0,0,0,0,0,0,0,0,0,0,0
14216,an_interrogator216,0,0,0,129,83,14,0,0,0,0,0,0,0,0,0,0,0,0,0,0,0
14440,an_interrogator215,0,0,0,129,83,14,0,0,0,0,0,0,0,0,0,0,0,0,0,0,0
19040,Kaya_Cloudfoot40,115,135,250,115,135,250,115,135,250,115,135,250,0,0,0,115,135,250,0,0,0
19041,Megosh_Thistlethorn41,80,115,52,80,115,52,80,115,52,80,115,52,0,0,0,80,115,52,0,0,0
19050,Reebo_Leafsway50,100,145,80,100,145,80,100,145,80,100,145,80,0,0,0,100,145,80,0,0,0
19051,Uner_Gnarltrunk51,0,0,0,100,145,80,100,145,80,100,145,80,0,0,0,100,145,80,0,0,0
19052,Hibbs_Rootenpaw52,100,145,80,100,145,80,100,145,80,100,145,80,100,145,80,100,145,80,0,0,0
19053,Marshal_Anrey53,175,128,60,175,128,60,175,128,60,175,128,60,175,128,60,175,128,60,0,0,0
19054,Marshal_Ghobber54,0,0,0,175,128,60,175,128,60,175,128,60,175,128,60,175,128,60,0,0,0
19055,Marshal_Lanena55,0,0,0,175,128,60,175,128,60,175,128,60,175,128,60,175,128,60,0,0,0
19057,Toelia_Snuckery57,0,0,0,80,92,85,80,92,85,80,92,85,80,92,85,80,92,85,0,0,0
19058,Rueppy_Kutpurse58,80,92,85,80,92,85,80,92,85,80,92,85,0,0,0,80,92,85,0,0,0
19059,Hebber_Druneny59,0,0,0,80,92,85,80,92,85,80,92,85,0,0,0,80,92,85,0,0,0
19060,Lendel_Deeppockets60,0,0,0,80,92,85,80,92,85,80,92,85,80,92,85,80,92,85,0,0,0
19061,Hendi_Mrubble61,0,0,0,115,50,115,115,50,115,115,50,115,0,0,0,115,50,115,0,0,0
19062,Thekela_Meepup62,0,0,0,115,50,115,115,50,115,115,50,115,115,50,115,115,50,115,0,0,0
19063,Gapeers_Johhanis63,0,0,0,115,50,115,115,50,115,115,50,115,115,50,115,115,50,115,0,0,0
19074,Jano_Jinglebelly74,0,0,0,115,50,115,115,50,115,115,50,115,115,50,115,115,50,115,0,0,0
19114,Beek_Guinders114,0,0,0,115,50,115,115,50,115,115,50,115,0,0,0,115,50,115,0,0,0
20015,#Coercer_Q`ioul15,0,0,0,30,50,250,0,0,0,0,0,0,0,0,0,0,0,0,0,0,0
20317,#Coercer_Q`ioul101,0,0,0,30,50,250,0,0,0,0,0,0,0,0,0,0,0,0,0,0,0
21146,Jahsohn_Aksot146,0,0,0,90,70,250,90,70,250,90,70,250,0,0,0,0,0,0,0,0,0
23000,Nolusia_Finharn0,0,0,0,255,220,80,255,220,80,255,220,80,0,0,0,0,0,0,0,0,0
23032,Nikina_Sparlek32,0,0,0,255,230,90,255,230,90,255,230,90,0,0,0,0,0,0,0,0,0
23033,Lanken_Rjarn33,0,0,0,255,240,100,255,240,100,255,240,100,0,0,0,0,0,0,0,0,0
23036,Markus_Jaevins36,0,0,0,95,75,255,95,75,255,95,75,255,0,0,0,0,0,0,0,0,0
23037,Reba_Garus37,0,0,0,75,55,220,75,55,220,75,55,220,0,0,0,0,0,0,0,0,0
23040,Raskena_Djor40,0,0,0,120,0,20,120,0,20,120,0,20,0,0,0,0,0,0,0,0,0
23041,Ghanlin_Skyphire41,0,0,0,160,20,40,160,20,40,160,20,40,0,0,0,0,0,0,0,0,0
23070,Whes_Nareya70,0,0,0,120,0,20,120,0,20,120,0,20,0,0,0,0,0,0,0,0,0
23071,Josper_Kenshed71,0,0,0,140,10,30,140,10,30,140,10,30,0,0,0,0,0,0,0,0,0
23073,Vasile_Jahnir73,0,0,0,75,55,220,75,55,220,75,55,220,0,0,0,0,0,0,0,0,0
23075,Akbaq_Salid75,0,0,0,140,10,30,140,10,30,140,10,30,0,0,0,0,0,0,0,0,0
24017,Stofo_Olan17,0,0,0,240,240,240,0,0,0,0,0,0,0,0,0,0,0,0,0,0,0
29070,Cappi_McTarnigal70,0,0,0,50,50,50,0,0,0,50,50,50,50,50,50,50,50,50,50,50,50
30091,Sulon_McMoor91,0,0,0,90,0,0,0,0,0,0,0,0,0,0,0,0,0,0,0,0,0
39055,a_fallen_Erudite55,50,50,50,0,0,0,0,0,0,0,0,0,0,0,0,0,0,0,0,0,0
41016,Morgalanth_Tal`Raeloen16,0,0,0,200,0,0,0,0,0,0,0,0,0,0,0,0,0,0,0,0,0
41035,Opizel_G`Efia35,0,0,0,130,0,50,0,0,0,0,0,0,0,0,0,0,0,0,0,0,0
42005,Talorial_D`Estalian5,0,0,0,1,1,1,0,0,0,0,0,0,0,0,0,0,0,0,0,0,0
42025,Lokar_To`Biath25,0,0,0,70,60,70,0,0,0,0,0,0,0,0,0,0,0,0,0,0,0
44007,Akksstaff7,0,0,0,50,40,0,0,0,0,0,0,0,0,0,0,0,0,0,0,0,0
45169,Trenon_Callust169,0,0,0,40,0,40,0,0,0,0,0,0,0,0,0,0,0,0,0,0,0
45170,Reania_Jukle170,0,0,0,40,0,40,0,0,0,0,0,0,0,0,0,0,0,0,0,0,0
45171,Perkon_Malok171,0,0,0,40,0,40,0,0,0,0,0,0,0,0,0,0,0,0,0,0,0
45179,Lyris_Moonbane179,0,0,0,40,0,40,0,0,0,0,0,0,0,0,0,0,0,0,0,0,0
47252,Aqaar_Aluram252,0,0,0,1,1,1,0,0,0,0,0,0,0,0,0,0,0,0,0,0,0
47271,Eleann_Morkul271,0,0,0,1,1,1,0,0,0,0,0,0,0,0,0,0,0,0,0,0,0
48005,Tahia_Felwah5,0,0,0,115,50,115,115,50,115,115,50,115,115,50,115,115,50,115,115,50,115
50223,Kazzel_D`Leryt223,0,0,0,30,20,30,30,20,30,30,20,30,0,0,0,0,0,0,0,0,0
51032,Rykas32,0,0,0,255,220,80,0,0,0,0,0,0,0,0,0,0,0,0,0,0,0
51034,Emkel_Kabae34,0,0,0,150,20,20,0,0,0,0,0,0,0,0,0,0,0,0,0,0,0
51035,Kazen_Fecae35,0,0,0,150,20,20,0,0,0,0,0,0,0,0,0,0,0,0,0,0,0
51080,Shmendrik_Lavawalker80,0,0,0,200,0,0,0,0,0,0,0,0,0,0,0,0,0,0,0,0,0
51184,Rykas34,0,0,0,255,220,80,0,0,0,0,0,0,0,0,0,0,0,0,0,0,0
51186,Emkel_Kabae36,0,0,0,150,20,20,0,0,0,0,0,0,0,0,0,0,0,0,0,0,0
51187,Kazen_Fecae37,0,0,0,150,20,20,0,0,0,0,0,0,0,0,0,0,0,0,0,0,0
51233,Shmendrik_Lavawalker83,0,0,0,200,0,0,0,0,0,0,0,0,0,0,0,0,0,0,0,0,0
55022,Xalirilan_Zarinokosalio22,0,0,0,145,207,14,0,0,0,0,0,0,0,0,0,0,0,0,0,0,0
55115,Larkon_Theardor115,0,0,0,255,220,80,0,0,0,0,0,0,0,0,0,0,0,0,0,0,0
55190,Velena_Corgtec190,0,0,0,50,40,0,0,0,0,0,0,0,0,0,0,0,0,0,0,0,0
55192,Rilgor_Plegnog192,0,0,0,50,40,0,0,0,0,0,0,0,0,0,0,0,0,0,0,0,0
55194,Vaenor_Husga194,0,0,0,50,40,0,0,0,0,0,0,0,0,0,0,0,0,0,0,0,0
55196,Dewis_Caneal196,0,0,0,70,60,0,0,0,0,0,0,0,0,0,0,0,0,0,0,0,0
55197,Eonis_Mournunder197,0,0,0,50,40,0,0,0,0,0,0,0,0,0,0,0,0,0,0,0,0
55200,Useah_Harnbock200,0,0,0,255,230,90,0,0,0,0,0,0,0,0,0,0,0,0,0,0,0
55201,Tobon_Starpyre201,0,0,0,255,240,100,0,0,0,0,0,0,0,0,0,0,0,0,0,0,0
55202,Nonnie_Texaker202,0,0,0,255,230,90,0,0,0,0,0,0,0,0,0,0,0,0,0,0,0
55203,Juline_Urncaller203,0,0,0,255,240,100,0,0,0,0,0,0,0,0,0,0,0,0,0,0,0
55204,Tergon_Brenclog204,0,0,0,255,230,90,0,0,0,0,0,0,0,0,0,0,0,0,0,0,0
55205,Wuggan_Azusphere205,0,0,0,255,240,100,0,0,0,0,0,0,0,0,0,0,0,0,0,0,0
59156,an_advisor156,0,0,0,97,13,2,97,13,2,97,13,2,0,0,0,0,0,0,0,0,0
62019,Farios_Elianos19,0,0,0,90,0,0,90,0,0,90,0,0,0,0,0,0,0,0,0,0,0
62020,Tarker_Blazetoss20,0,0,0,50,110,80,50,110,80,50,110,80,0,0,0,0,0,0,0,0,0
62022,Niola_Impholder22,0,0,0,50,110,80,50,110,80,50,110,80,0,0,0,0,0,0,0,0,0
68060,Walnan60,0,0,0,40,0,40,0,0,0,0,0,0,0,0,0,0,0,0,0,0,0
68159,Kandin_Firepot159,0,0,0,100,100,100,0,0,0,0,0,0,0,0,0,0,0,0,0,0,0
70028,Jinalis_Andir28,0,0,0,30,50,250,0,0,0,0,0,0,0,0,0,0,0,0,0,0,0
71133,Kihun_Solstin133,0,0,0,240,240,240,0,0,0,0,0,0,0,0,0,0,0,0,0,0,0
75130,Antus_Shelbra130,0,0,0,100,80,40,0,0,0,0,0,0,0,0,0,0,0,0,0,0,0
75131,Auhrik_Siet`ka131,0,0,0,100,80,40,0,0,0,0,0,0,0,0,0,0,0,0,0,0,0
75132,Coriante_Verisue132,0,0,0,100,80,40,0,0,0,0,0,0,0,0,0,0,0,0,0,0,0
76029,a_Kotiz_Ambassador29,0,0,0,15,20,20,0,0,0,0,0,0,0,0,0,0,0,0,0,0,0
76044,a_Disciple_of_Innoruuk44,0,0,0,15,20,20,0,0,0,0,0,0,0,0,0,0,0,0,0,0,0
76061,a_Sage_of_Innoruuk61,0,0,0,15,20,20,0,0,0,0,0,0,0,0,0,0,0,0,0,0,0
76063,a_Disciple_of_Innoruuk63,0,0,0,15,20,20,0,0,0,0,0,0,0,0,0,0,0,0,0,0,0
76064,a_Disciple_of_Innoruuk64,0,0,0,15,20,20,0,0,0,0,0,0,0,0,0,0,0,0,0,0,0
76065,a_Sage_of_Innoruuk65,0,0,0,15,20,20,0,0,0,0,0,0,0,0,0,0,0,0,0,0,0
76069,a_Sage_of_Innoruuk69,0,0,0,15,20,20,0,0,0,0,0,0,0,0,0,0,0,0,0,0,0
76074,a_Sage_of_Innoruuk74,0,0,0,15,20,20,0,0,0,0,0,0,0,0,0,0,0,0,0,0,0
76075,a_Disciple_of_Innoruuk75,0,0,0,15,20,20,0,0,0,0,0,0,0,0,0,0,0,0,0,0,0
76079,a_Disciple_of_Innoruuk79,0,0,0,15,20,20,0,0,0,0,0,0,0,0,0,0,0,0,0,0,0
76083,a_Disciple_of_Innoruuk83,0,0,0,15,20,20,0,0,0,0,0,0,0,0,0,0,0,0,0,0,0
76110,a_Sage_of_Innoruuk110,0,0,0,15,20,20,0,0,0,0,0,0,0,0,0,0,0,0,0,0,0
76112,a_Disciple_of_Innoruuk112,0,0,0,15,20,20,0,0,0,0,0,0,0,0,0,0,0,0,0,0,0
76120,a_Sage_of_Innoruuk120,0,0,0,15,20,20,0,0,0,0,0,0,0,0,0,0,0,0,0,0,0
76135,a_Sage_of_Innoruuk135,0,0,0,15,20,20,0,0,0,0,0,0,0,0,0,0,0,0,0,0,0
76140,a_Sage_of_Innoruuk140,0,0,0,15,20,20,0,0,0,0,0,0,0,0,0,0,0,0,0,0,0
76183,a_Sage_of_Innoruuk183,0,0,0,15,20,20,0,0,0,0,0,0,0,0,0,0,0,0,0,0,0
76197,a_Disciple_of_Innoruuk197,0,0,0,15,20,20,0,0,0,0,0,0,0,0,0,0,0,0,0,0,0
76198,a_Sage_of_Innoruuk198,0,0,0,15,20,20,0,0,0,0,0,0,0,0,0,0,0,0,0,0,0
76212,a_Disciple_of_Innoruuk212,0,0,0,15,20,20,0,0,0,0,0,0,0,0,0,0,0,0,0,0,0
76214,a_Disciple_of_Innoruuk214,0,0,0,15,20,20,0,0,0,0,0,0,0,0,0,0,0,0,0,0,0
76215,a_Disciple_of_Innoruuk215,0,0,0,15,20,20,0,0,0,0,0,0,0,0,0,0,0,0,0,0,0
76217,a_Sage_of_Innoruuk217,0,0,0,15,20,20,0,0,0,0,0,0,0,0,0,0,0,0,0,0,0
76220,a_Disciple_of_Innoruuk220,0,0,0,15,20,20,0,0,0,0,0,0,0,0,0,0,0,0,0,0,0
76222,a_Sage_of_Innoruuk222,0,0,0,15,20,20,0,0,0,0,0,0,0,0,0,0,0,0,0,0,0
76225,a_Disciple_of_Innoruuk225,0,0,0,15,20,20,0,0,0,0,0,0,0,0,0,0,0,0,0,0,0
76233,a_Disciple_of_Innoruuk233,0,0,0,15,20,20,0,0,0,0,0,0,0,0,0,50,220,150,0,0,0
76241,a_Disciple_of_Innoruuk241,0,0,0,15,20,20,0,0,0,100,220,160,0,0,0,0,0,0,0,0,0
76242,a_Disciple_of_Innoruuk242,0,0,0,15,20,20,0,0,0,0,0,0,0,0,0,0,0,0,50,220,150
76248,a_Sage_of_Innoruuk248,0,0,0,15,20,20,0,0,0,0,0,0,0,0,0,0,0,0,0,0,0
76250,a_Disciple_of_Innoruuk250,0,0,0,15,20,20,0,0,0,0,0,0,0,0,0,0,0,0,0,0,0
76251,a_Sage_of_Innoruuk251,0,0,0,15,20,20,0,0,0,0,0,0,0,0,0,0,0,0,0,0,0
76257,a_Disciple_of_Innoruuk257,0,0,0,15,20,20,0,0,0,0,0,0,0,0,0,0,0,0,0,0,0
76272,a_Sage_of_Innoruuk272,0,0,0,15,20,20,0,0,0,0,0,0,0,0,0,0,0,0,0,0,0
76274,a_Sage_of_Innoruuk274,0,0,0,15,20,20,0,0,0,0,0,0,0,0,0,0,0,0,0,0,0
76278,a_Disciple_of_Innoruuk278,0,0,0,15,20,20,0,0,0,0,0,0,0,0,0,0,0,0,0,0,0
76281,a_Disciple_of_Innoruuk281,0,0,0,15,20,20,0,0,0,0,0,0,0,0,0,0,0,0,0,0,0
76283,a_Sage_of_Innoruuk283,0,0,0,15,20,20,0,0,0,0,0,0,0,0,0,0,0,0,0,0,0
76292,a_Disciple_of_Innoruuk292,0,0,0,15,20,20,0,0,0,0,0,0,0,0,0,0,0,0,0,0,0
76295,a_Sage_of_Innoruuk295,0,0,0,15,20,20,0,0,0,0,0,0,0,0,0,0,0,0,0,0,0
76301,a_Disciple_of_Innoruuk301,0,0,0,15,20,20,0,0,0,0,0,0,0,0,0,0,0,0,0,0,0
76316,a_Disciple_of_Innoruuk316,0,0,0,15,20,20,0,0,0,0,0,0,0,0,0,0,0,0,0,0,0
76334,a_Disciple_of_Innoruuk334,0,0,0,15,20,20,0,0,0,0,0,0,0,0,0,0,0,0,0,0,0
76337,a_Disciple_of_Innoruuk337,0,0,0,15,20,20,0,0,0,0,0,0,0,0,0,0,0,0,0,0,0
76341,a_Disciple_of_Innoruuk341,0,0,0,15,20,20,0,0,0,0,0,0,0,0,0,0,0,0,0,0,0
76343,a_Sage_of_Innoruuk343,0,0,0,15,20,20,0,0,0,0,0,0,0,0,0,0,0,0,0,0,0
76345,a_Sage_of_Innoruuk345,0,0,0,15,20,20,0,0,0,0,0,0,0,0,0,0,0,0,0,0,0
76346,a_Sage_of_Innoruuk346,0,0,0,15,20,20,0,0,0,0,0,0,0,0,0,0,0,0,0,0,0
76349,a_Sage_of_Innoruuk349,0,0,0,15,20,20,0,0,0,0,0,0,0,0,0,0,0,0,0,0,0
76350,a_Sage_of_Innoruuk350,0,0,0,15,20,20,0,0,0,0,0,0,0,0,0,0,0,0,0,0,0
76354,a_Sage_of_Innoruuk354,0,0,0,15,20,20,0,0,0,0,0,0,0,0,0,0,0,0,0,0,0
76358,a_Sage_of_Innoruuk358,0,0,0,15,20,20,0,0,0,0,0,0,0,0,0,0,0,0,0,0,0
80000,a_seeker0,0,0,0,180,5,5,180,5,5,180,5,5,0,0,0,0,0,0,0,0,0
80001,Torzan_Searfire1,0,0,0,180,5,5,180,5,5,180,5,5,0,0,0,0,0,0,0,0,0
80008,Ostorm8,0,0,0,180,5,5,180,5,5,180,5,5,0,0,0,0,0,0,0,0,0
80009,Vilissia9,0,0,0,180,5,5,180,5,5,180,5,5,0,0,0,0,0,0,0,0,0
80012,Vira12,0,0,0,180,5,5,180,5,5,180,5,5,0,0,0,0,0,0,0,0,0
80013,Vurgo13,0,0,0,180,5,5,180,5,5,180,5,5,0,0,0,0,0,0,0,0,0
80014,Syllina14,0,0,0,180,5,5,180,5,5,180,5,5,0,0,0,0,0,0,0,0,0
80015,a_keeper15,0,0,0,180,5,5,180,5,5,180,5,5,0,0,0,0,0,0,0,0,0
80016,a_keeper16,0,0,0,180,5,5,180,5,5,180,5,5,0,0,0,0,0,0,0,0,0
80017,a_seeker17,0,0,0,180,5,5,180,5,5,180,5,5,0,0,0,0,0,0,0,0,0
80018,a_keeper18,0,0,0,180,5,5,180,5,5,180,5,5,0,0,0,0,0,0,0,0,0
80019,a_seeker19,0,0,0,180,5,5,180,5,5,180,5,5,0,0,0,0,0,0,0,0,0
80022,Solomen22,0,0,0,100,100,100,100,100,100,100,100,100,0,0,0,0,0,0,0,0,0
80023,Genni23,0,0,0,180,5,5,180,5,5,180,5,5,0,0,0,0,0,0,0,0,0
80024,Sultin24,0,0,0,180,5,5,180,5,5,180,5,5,0,0,0,0,0,0,0,0,0
80025,Romar_Sunto25,0,0,0,180,5,5,180,5,5,180,5,5,0,0,0,0,0,0,0,0,0
80026,a_seeker26,0,0,0,180,5,5,180,5,5,180,5,5,0,0,0,0,0,0,0,0,0
80028,a_seeker28,0,0,0,180,5,5,180,5,5,180,5,5,0,0,0,0,0,0,0,0,0
80029,a_keeper29,0,0,0,180,5,5,180,5,5,180,5,5,0,0,0,0,0,0,0,0,0
80030,a_keeper30,0,0,0,180,5,5,180,5,5,180,5,5,0,0,0,0,0,0,0,0,0
80034,a_seeker34,0,0,0,180,5,5,180,5,5,180,5,5,0,0,0,0,0,0,0,0,0
80035,a_seeker35,0,0,0,180,5,5,180,5,5,180,5,5,0,0,0,0,0,0,0,0,0
80036,a_keeper36,0,0,0,180,5,5,180,5,5,180,5,5,0,0,0,0,0,0,0,0,0
80037,a_keeper37,0,0,0,180,5,5,180,5,5,180,5,5,0,0,0,0,0,0,0,0,0
80039,Gardern39,0,0,0,180,5,5,180,5,5,180,5,5,0,0,0,0,0,0,0,0,0
80040,Joyce40,0,0,0,180,5,5,180,5,5,180,5,5,0,0,0,0,0,0,0,0,0
80041,a_keeper41,0,0,0,180,5,5,180,5,5,180,5,5,0,0,0,0,0,0,0,0,0
80042,a_keeper42,0,0,0,180,5,5,180,5,5,180,5,5,0,0,0,0,0,0,0,0,0
80044,a_keeper44,0,0,0,180,5,5,180,5,5,180,5,5,0,0,0,0,0,0,0,0,0
80045,a_keeper45,0,0,0,180,5,5,180,5,5,180,5,5,0,0,0,0,0,0,0,0,0
80047,Terblyn_Zelbus47,0,0,0,180,5,5,180,5,5,180,5,5,0,0,0,0,0,0,0,0,0
82003,Lithriss_Frizen3,0,0,0,73,7,1,73,7,1,73,7,1,0,0,0,0,0,0,0,0,0
82005,Visar_Glolith5,0,0,0,73,7,1,73,7,1,73,7,1,0,0,0,0,0,0,0,0,0
82006,Izarod_Fristan6,0,0,0,73,7,1,73,7,1,73,7,1,0,0,0,0,0,0,0,0,0
82027,Nihilist_Zeegarn27,0,0,0,50,50,50,50,50,50,50,50,50,0,0,0,0,0,0,0,0,0
82028,Nihilist_Yeegarn28,0,0,0,50,50,50,50,50,50,50,50,50,0,0,0,0,0,0,0,0,0
82041,an_Iksar_hermit41,0,0,0,73,7,1,73,7,1,73,7,1,0,0,0,0,0,0,0,0,0
82042,Master_Kyvix42,0,0,0,73,7,1,73,7,1,73,7,1,0,0,0,0,0,0,0,0,0
82043,Master_Rixiz43,0,0,0,73,7,1,73,7,1,73,7,1,0,0,0,0,0,0,0,0,0
82044,Master_Xydoz44,0,0,0,73,7,1,73,7,1,73,7,1,0,0,0,0,0,0,0,0,0
82045,Harbinger_Glosk45,0,0,0,73,7,1,73,7,1,73,7,1,0,0,0,0,0,0,0,0,0
84081,Nadia_Starfeast81,0,0,0,40,100,40,40,100,40,40,100,40,0,0,0,0,0,0,0,0,0
84304,Tiblner_Milnik304,0,0,0,129,83,14,129,83,14,129,83,14,0,0,0,0,0,0,0,0,0
84314,Bricaro_Summonar314,0,0,0,50,110,80,50,110,80,50,110,80,0,0,0,0,0,0,0,0,0
84334,Nertith_Gracon334,0,0,0,180,5,5,180,5,5,180,5,5,0,0,0,0,0,0,0,0,0
84335,Brackin_Nartoise335,0,0,0,180,5,5,180,5,5,180,5,5,0,0,0,0,0,0,0,0,0
84336,Selien_Nartoise336,0,0,0,30,50,250,30,50,250,30,50,250,0,0,0,0,0,0,0,0,0
84342,Despondo342,0,0,0,50,110,80,50,110,80,50,110,80,0,0,0,0,0,0,0,0,0
84343,Luminare_Pasinia343,0,0,0,50,110,80,50,110,80,50,110,80,0,0,0,0,0,0,0,0,0
84360,Vrionele360,0,0,0,240,240,240,240,240,240,240,240,240,0,0,0,0,0,0,0,0,0
87000,Naxot_Deepwater0,0,0,0,0,200,225,0,0,0,0,0,0,0,0,0,0,0,0,0,0,0
91247,Warder_Cecilia247,0,0,0,200,0,0,200,0,0,200,0,0,0,0,0,0,0,0,0,0,0
93343,Slicia_J`Singe343,0,0,0,90,70,250,90,70,250,90,70,250,0,0,0,0,0,0,0,0,0
93354,Tyrin_F`Linz354,0,0,0,90,70,250,90,70,250,90,70,250,0,0,0,0,0,0,0,0,0
93355,Vizra_L`Nizlon355,0,0,0,90,70,250,90,70,250,90,70,250,0,0,0,0,0,0,0,0,0
96009,Alrik_Farsight9,0,0,0,90,0,0,90,0,0,90,0,0,0,0,0,0,0,0,0,0,0
100001,,0,0,0,100,80,40,0,0,0,0,0,0,0,0,0,0,0,0,0,0,0
100454,a_kobold_wanderer454,70,45,0,0,0,0,0,0,0,0,0,0,0,0,0,0,0,0,0,0,0
106084,Librarian_Zimor84,0,0,0,73,7,1,73,7,1,73,7,1,0,0,0,0,0,0,0,0,0
110047,Xorbinasticalus_Zimralicus47,0,0,0,95,75,255,0,0,0,0,0,0,0,0,0,0,0,0,0,0,0
150005,Incantator_Icewand5,0,0,0,50,50,150,0,0,0,0,0,0,0,0,0,0,0,0,0,0,0
150006,Incantator_Stevak6,0,0,0,50,50,150,0,0,0,0,0,0,0,0,0,0,0,0,0,0,0
150007,Incantator_Brials7,0,0,0,50,50,150,0,0,0,0,0,0,0,0,0,0,0,0,0,0,0
150014,Lamukas_Kaesoanls14,0,0,0,50,50,150,0,0,0,0,0,0,0,0,0,0,0,0,0,0,0
150015,Alorienal_Ta`Kirilso15,0,0,0,50,50,150,0,0,0,0,0,0,0,0,0,0,0,0,0,0,0
150019,Beriol_Talorakoir19,0,0,0,50,50,150,0,0,0,0,0,0,0,0,0,0,0,0,0,0,0
150020,Palomidiar_Allakhaji20,0,0,0,50,50,150,0,0,0,0,0,0,0,0,0,0,0,0,0,0,0
150084,Loewnsaz_Waldalon84,0,0,0,50,50,150,0,0,0,0,0,0,0,0,0,0,0,0,0,0,0
150085,Incantator_Salien85,0,0,0,50,50,150,0,0,0,0,0,0,0,0,0,0,0,0,0,0,0
150086,Incantator_Verloir86,0,0,0,50,50,150,0,0,0,0,0,0,0,0,0,0,0,0,0,0,0
150087,Incantator_Saderloa87,0,0,0,50,50,150,0,0,0,0,0,0,0,0,0,0,0,0,0,0,0
150114,Innkeep_Restoration114,0,0,0,50,50,150,0,0,0,0,0,0,0,0,0,0,0,0,0,0,0
150116,Sahrona_Sorisnali116,0,0,0,50,50,150,0,0,0,0,0,0,0,0,0,0,0,0,0,0,0
150117,Horiel_Gaeslania117,0,0,0,50,50,150,0,0,0,0,0,0,0,0,0,0,0,0,0,0,0
150118,Mark_Blotter118,0,0,0,50,50,150,0,0,0,0,0,0,0,0,0,0,0,0,0,0,0
150119,Loensa_Esorlinal119,0,0,0,50,50,150,0,0,0,0,0,0,0,0,0,0,0,0,0,0,0
150120,Izibat120,0,0,0,50,50,150,0,0,0,0,0,0,0,0,0,0,0,0,0,0,0
150121,Fitonas_Galaofon121,0,0,0,50,50,150,0,0,0,0,0,0,0,0,0,0,0,0,0,0,0
150122,Aeksola_Faerlonifer122,0,0,0,50,50,150,0,0,0,0,0,0,0,0,0,0,0,0,0,0,0
150123,Eriska_Malosona123,0,0,0,50,50,150,0,0,0,0,0,0,0,0,0,0,0,0,0,0,0
150124,Healian_Saroelitan124,0,0,0,50,50,150,0,0,0,0,0,0,0,0,0,0,0,0,0,0,0
150125,Samotal_Sedmians125,0,0,0,50,50,150,0,0,0,0,0,0,0,0,0,0,0,0,0,0,0
150199,Incantator_Palaser199,0,0,0,50,50,150,0,0,0,0,0,0,0,0,0,0,0,0,0,0,0
150200,Incantator_Palaser200,0,0,0,50,50,150,0,0,0,0,0,0,0,0,0,0,0,0,0,0,0
150201,Incantator_Lizerian201,0,0,0,50,50,150,0,0,0,0,0,0,0,0,0,0,0,0,0,0,0
150202,Incantator_Firefall202,0,0,0,50,50,150,0,0,0,0,0,0,0,0,0,0,0,0,0,0,0
150247,Kenral_Siroisl247,0,0,0,50,50,150,0,0,0,0,0,0,0,0,0,0,0,0,0,0,0
151052,Jolum52,0,0,0,150,0,0,0,0,0,0,0,0,0,0,0,0,0,0,0,0,0
152020,Persy_Clutches20,0,0,0,1,1,1,1,1,1,1,1,1,0,0,0,0,0,0,0,0,0
152022,Kardador_Tarsinian22,0,0,0,1,1,1,1,1,1,1,1,1,0,0,0,0,0,0,0,0,0
159603,Jylian_Frostshade603,0,0,0,10,254,254,0,0,0,0,0,0,0,0,0,0,0,0,0,0,0
160129,Kalin_Abanjabi129,0,0,0,125,75,20,125,75,20,125,75,20,0,0,0,0,0,0,0,0,0
160130,Yazmin_Farsky130,0,0,0,125,75,20,125,75,20,125,75,20,0,0,0,0,0,0,0,0,0
160133,Talika_Polajian133,0,0,0,20,20,120,20,20,120,20,20,120,0,0,0,0,0,0,0,0,0
160134,Melanie_Mavroudis134,0,0,0,20,20,120,20,20,120,20,20,120,0,0,0,0,0,0,0,0,0
160137,Geran_Starshiner137,0,0,0,125,75,20,125,75,20,125,75,20,0,0,0,0,0,0,0,0,0
160138,Rolanda_Unja138,0,0,0,125,75,20,125,75,20,125,75,20,0,0,0,0,0,0,0,0,0
160167,Lizsa_Barleou167,0,0,0,20,20,120,20,20,120,20,20,120,0,0,0,0,0,0,0,0,0
160177,Elnerick_Augustleaf177,0,0,0,125,75,20,125,75,20,125,75,20,0,0,0,0,0,0,0,0,0
160182,Keylara_Abanjabi182,0,0,0,20,20,120,20,20,120,20,20,120,0,0,0,0,0,0,0,0,0
160190,Incantator_Teak_Firetree190,0,0,0,125,75,20,125,75,20,125,75,20,0,0,0,0,0,0,0,0,0
160192,Praecantor_Perph_Unja192,0,0,0,20,20,120,20,20,120,20,20,120,0,0,0,0,0,0,0,0,0
160193,Praecantor_Tes_Dawneyes193,0,0,0,20,20,120,20,20,120,20,20,120,0,0,0,0,0,0,0,0,0
160194,Incantator_Yaln_Dilsm194,0,0,0,125,75,20,125,75,20,125,75,20,0,0,0,0,0,0,0,0,0
160196,Praecantor_Torin_Jurbac196,0,0,0,20,20,120,20,20,120,20,20,120,0,0,0,0,0,0,0,0,0
160197,Drenic_Garrison197,0,0,0,125,75,20,125,75,20,125,75,20,0,0,0,0,0,0,0,0,0
160214,Lathin_Firetree214,0,0,0,125,75,20,125,75,20,125,75,20,0,0,0,0,0,0,0,0,0
160215,Kellari_Autumnfall215,0,0,0,20,20,120,20,20,120,20,20,120,0,0,0,0,0,0,0,0,0
160220,Aliara_Galestra220,0,0,0,125,75,20,125,75,20,125,75,20,0,0,0,0,0,0,0,0,0
160222,Gertrude_Twiblik222,0,0,0,20,20,120,20,20,120,20,20,120,0,0,0,0,0,0,0,0,0
160236,Wendlock_Twiblik236,0,0,0,125,75,20,125,75,20,125,75,20,0,0,0,0,0,0,0,0,0
160264,Incantator_Gedy_Helsin264,0,0,0,125,75,20,125,75,20,125,75,20,0,0,0,0,0,0,0,0,0
160266,Praecantor_Vesa_Farcloud266,0,0,0,20,20,120,20,20,120,20,20,120,0,0,0,0,0,0,0,0,0
160282,Incantator_Hue_Teralin282,0,0,0,125,75,20,125,75,20,125,75,20,0,0,0,0,0,0,0,0,0
160284,Incantator_Toby_Lidspin284,0,0,0,125,75,20,125,75,20,125,75,20,0,0,0,0,0,0,0,0,0
160291,Praecantor_Ury_Polaja291,0,0,0,20,20,120,20,20,120,20,20,120,0,0,0,0,0,0,0,0,0
160293,Incantator_Waek_Kerrol293,0,0,0,125,75,20,125,75,20,125,75,20,0,0,0,0,0,0,0,0,0
160295,Praecantor_Lisa_Kerrol295,0,0,0,20,20,120,20,20,120,20,20,120,0,0,0,0,0,0,0,0,0
160296,Incantator_Jeena_Talbson296,0,0,0,125,75,20,125,75,20,125,75,20,0,0,0,0,0,0,0,0,0
160297,Incantator_Jak_Masric297,0,0,0,125,75,20,125,75,20,125,75,20,0,0,0,0,0,0,0,0,0
160298,Praecantor_Selis_Dawneyes298,0,0,0,20,20,120,20,20,120,20,20,120,0,0,0,0,0,0,0,0,0
160299,Incantator_Elza_Dilsm299,0,0,0,125,75,20,125,75,20,125,75,20,0,0,0,0,0,0,0,0,0
160301,Praecantor_Dovar_Rutledge301,0,0,0,20,20,120,20,20,120,20,20,120,0,0,0,0,0,0,0,0,0
161069,#A_Mature_Fungoid69,100,100,0,0,0,0,0,0,0,0,0,0,0,0,0,0,0,0,0,0,0
170011,Jalor_Housip11,0,0,0,240,240,240,240,240,240,240,240,240,0,0,0,0,0,0,0,0,0
170155,Sarah_Jelnen155,0,0,0,20,20,120,20,20,120,20,20,120,0,0,0,0,0,0,0,0,0
170156,Hafron_Jelnen156,0,0,0,125,75,20,125,75,20,125,75,20,0,0,0,0,0,0,0,0,0
170157,Galdara_Swiftwind157,0,0,0,20,20,120,20,20,120,20,20,120,0,0,0,0,0,0,0,0,0
170158,Trizpo_Tobbnokcog158,0,0,0,125,75,20,125,75,20,125,75,20,0,0,0,0,0,0,0,0,0
170161,Gazoon_Noihzog161,0,0,0,125,75,20,125,75,20,125,75,20,0,0,0,0,0,0,0,0,0
170174,Lara_Trueseer174,0,0,0,240,240,240,240,240,240,240,240,240,0,0,0,0,0,0,0,0,0
201154,Tamsin154,0,0,0,1,100,250,1,100,250,1,100,250,0,0,0,0,0,0,0,0,0
202155,,60,60,60,60,60,60,10,10,120,150,150,200,0,0,0,100,10,10,100,50,50
202341,,0,0,0,22,22,22,20,20,20,20,20,20,20,20,20,20,20,20,20,20,20
202343,,0,0,0,40,40,40,159,40,6,159,40,6,159,40,6,100,10,10,159,40,6
202344,,0,0,0,50,50,50,50,50,50,50,50,50,50,50,50,50,50,50,50,50,50
202346,,0,0,0,102,102,102,0,100,250,0,0,0,70,70,70,80,80,150,100,100,100
203007,a_visiting_armorer,50,50,50,50,50,50,50,50,50,50,50,50,50,50,50,50,50,50,50,50,50
204069,Etumer69,0,0,0,130,60,10,130,60,10,130,60,10,0,0,0,0,0,0,0,0,0
204070,,0,0,0,125,25,50,0,0,0,0,0,0,0,0,0,0,0,0,0,0,0
204071,,0,0,0,200,0,0,200,0,0,200,0,0,0,0,0,0,0,0,0,0,0
204072,,0,0,0,129,83,14,0,0,0,0,0,0,0,0,0,0,0,0,0,0,0
1020,Natasha_Whitewater,0,200,225,0,200,255,0,200,255,0,200,255,0,200,255,0,200,255,0,200,255
