npc_faction_id|faction_id|value|sort_order
1|397|-3|1
2|234|-2|1
2|246|1|3
2|270|-1|4
2|312|1|5
2|326|1|2
2|5018|0|6
2|5071|0|7
2|5072|0|8
3|1630|-5|1
4|219|-1|2
4|223|1|4
4|230|1|3
4|262|-2|1
4|291|-1|5
5|203|-2000|1
5|5007|0|2
6|231|2|4
6|233|2|5
6|242|2|2
6|254|2|3
6|265|-2|1
6|298|0|7
6|5011|0|6
6|5017|0|8
6|5018|0|9
7|234|-3|1
7|246|1|3
7|270|-1|4
7|312|1|5
7|326|1|2
8|68|0|9
8|262|-25|2
8|280|-30|4
8|341|-15|3
8|345|-100|1
8|366|0|5
8|5017|0|6
8|5018|0|7
8|5023|0|8
9|323|10|1
10|234|-200|1
10|246|30|3
10|270|-20|4
10|312|10|2
10|326|30|5
11|68|0|17
11|72|0|9
11|83|0|19
11|84|0|14
11|86|0|13
11|87|0|11
11|88|0|12
11|99|0|15
11|126|0|10
11|137|0|16
11|281|20|3
11|330|-200|1
11|336|-30|2
11|362|20|4
11|375|0|5
11|5017|0|6
11|5018|0|7
11|5023|0|8
11|5071|0|18
12|279|1|2
12|284|1|3
12|285|-4|4
12|304|1|5
12|426|-4|1
13|372|-2|1
14|251|-2|1
14|5071|0|2
15|249|-1|2
15|319|-1|1
15|5018|0|3
15|5071|0|4
16|88|0|6
16|332|10|2
16|345|10|3
16|366|5|4
16|373|-105|1
16|687|0|7
16|1601|0|9
16|5017|0|8
16|5018|0|5
17|262|-50|2
17|280|-60|4
17|341|-30|3
17|345|-200|1
18|234|-50|1
18|246|7|3
18|270|-5|4
18|312|2|5
18|326|7|2
19|255|3|2
19|287|-5|1
19|333|5|3
20|228|-1000|1
20|232|-1000|2
20|261|-1000|3
20|274|1000|4
20|337|-1000|5
21|258|-4|1
22|216|1|4
22|227|-1|3
22|274|-1|2
22|297|-1|1
23|397|-2|1
24|312|1|3
24|322|1|2
24|379|-15|1
25|228|-1|1
25|232|-1|2
25|261|1|3
25|5013|-5|4
26|262|-67|4
26|272|-67|2
26|302|-270|1
26|306|40|3
26|5018|0|5
27|262|-7|2
27|309|-50|1
27|361|-2|3
28|223|-1|2
28|225|0|6
28|241|-2|1
28|292|1|3
28|329|-1|5
28|336|-1|4
29|221|50|2
29|262|-37|4
29|280|-50|1
29|341|-37|3
30|64|0|6
30|219|-1|5
30|221|1|4
30|262|-2|3
30|280|-1|2
30|341|-5|1
31|262|-1|3
31|281|-1|2
31|284|-2|1
31|285|1|5
31|304|1|4
32|234|-1|1
32|246|1|3
32|270|-1|4
32|312|1|2
32|326|1|5
32|5018|0|6
32|5071|0|7
34|263|1|2
34|365|-1|1
34|475|1|3
35|225|-50|1
35|263|5|3
35|312|2|4
35|355|2|2
35|375|0|6
35|475|5|5
36|178|1|4
36|252|-10|1
36|307|1|2
36|370|1|3
39|272|-1|3
39|302|-1|2
39|343|-5|1
39|366|1|4
40|203|0|2
40|5007|0|1
41|205|-2|1
42|255|15|2
42|287|-20|1
42|333|20|3
43|279|1|2
43|284|1|4
43|285|-5|1
43|304|1|5
43|426|-5|3
43|5001|0|6
44|368|-5|1
45|298|-1|2
45|5011|-2|1
46|388|-2|1
47|72|0|10
47|84|0|7
47|86|0|8
47|87|0|9
47|221|-12|5
47|223|-8|4
47|230|-80|1
47|262|12|2
47|273|-12|3
47|306|0|6
47|5071|0|11
48|219|-7|3
48|223|10|2
48|229|-5|4
48|262|-10|5
48|291|-50|1
49|238|-50|1
49|240|5|4
49|245|5|2
49|255|5|3
50|262|1|2
50|272|1|4
50|291|1|5
50|306|-1|1
50|309|1|3
50|321|0|7
50|5018|0|6
50|5071|0|8
51|249|-1|1
51|319|-25|2
52|238|45|4
52|239|15|5
52|245|-300|1
52|255|-45|2
52|333|-45|3
53|255|37|2
53|287|-50|1
53|333|50|3
54|225|-2|1
54|263|1|3
54|312|1|4
54|355|1|2
54|375|0|6
54|475|1|5
55|255|7|2
55|287|-10|1
55|333|10|3
56|90|0|7
56|226|-6|3
56|234|6|5
56|245|0|6
56|246|-25|1
56|279|-6|2
56|310|-6|4
56|312|0|8
56|5017|0|9
57|238|1|4
57|245|-1|2
57|255|-1|3
57|287|1|5
57|333|-5|1
58|298|-2|2
58|5011|-25|1
59|238|1|1
59|245|-1|2
59|255|-1|3
59|287|1|5
59|333|-2|4
60|230|-7|4
60|329|-22|2
60|330|-7|5
60|331|-22|3
60|332|-150|1
60|364|0|8
60|365|0|7
60|366|0|10
60|373|0|6
60|5017|0|9
61|219|-15|5
61|221|25|4
61|262|-50|3
61|280|-30|2
61|341|-100|1
62|255|1|2
62|1604|-1|1
64|101|-1|1
65|271|1|2
65|281|-5|1
65|311|-1|5
65|330|1|3
65|362|-1|4
66|405|-1|2
66|406|-3|1
66|419|1|3
66|448|1|4
67|225|1|1
67|365|1|3
67|475|-1|2
68|225|-3|1
68|263|1|2
68|312|1|4
68|355|1|5
68|475|1|3
69|1630|-2|1
70|106|-2|1
71|249|-200|1
71|319|-20|2
71|323|30|3
72|229|-50|1
72|281|-50|2
72|291|-37|3
72|336|-50|4
73|415|1|2
73|416|-3|1
74|72|0|10
74|84|0|16
74|86|0|15
74|87|0|17
74|88|0|12
74|126|0|13
74|157|0|11
74|306|0|5
74|311|-1|4
74|319|0|6
74|320|-5|1
74|327|-1|2
74|328|-1|3
74|5017|0|7
74|5018|0|8
74|5023|0|9
74|5071|0|14
75|226|-50|3
75|234|50|5
75|246|-200|1
75|279|-50|2
75|310|-50|4
76|262|1|2
76|306|-1|3
76|321|-3|1
76|345|1|4
77|299|-2|1
78|238|1|4
78|239|1|5
78|245|-4|1
78|255|-1|2
78|333|-1|3
79|5017|0|1
81|251|1|1
81|317|-8|2
82|270|-10|1
82|311|1|3
82|326|1|2
82|1522|20|4
83|385|-2|1
84|83|0|7
84|97|0|8
84|262|-1|5
84|272|-2|1
84|302|-1|2
84|324|1|4
84|343|-1|3
84|5018|0|6
85|222|1|1
85|235|-2|2
86|415|-250|1
86|416|2|2
88|63|0|13
88|64|-10|1
88|72|0|7
88|88|0|10
88|157|0|4
88|211|0|15
88|261|0|16
88|262|0|14
88|272|0|11
88|280|0|8
88|321|0|3
88|341|0|9
88|345|0|5
88|366|0|6
88|383|0|12
88|423|0|17
88|5018|0|2
89|231|10|4
89|233|10|5
89|242|10|2
89|254|10|3
89|265|-10|1
90|406|15|3
90|419|-30|1
90|430|3|4
90|448|-7|2
90|5043|0|5
91|87|0|6
91|88|0|7
91|262|-1|2
91|280|-1|4
91|341|-1|3
91|345|-2|1
91|5018|0|5
92|262|-9|3
92|281|-9|2
92|284|-65|1
92|285|3|5
92|304|3|4
93|229|-5|1
93|281|-3|2
93|291|-5|3
93|336|-5|4
94|320|-3|2
94|327|-3|3
94|328|-5|1
95|219|-30|3
95|223|10|2
95|229|-30|4
95|262|-30|5
95|291|-30|1
97|234|0|5
97|270|-75|1
97|285|0|6
97|311|3|3
97|326|11|2
97|1522|150|4
98|270|-200|1
98|311|10|3
98|326|30|2
98|1522|400|4
99|425|-30|1
100|258|0|1
101|219|-4|5
101|221|7|4
101|262|-15|3
101|280|-9|2
101|341|-30|1
102|255|1|2
102|312|1|4
102|326|1|1
102|398|-1|3
103|63|0|1
104|262|1|2
104|272|1|4
104|291|1|5
104|306|-3|1
104|309|1|3
104|321|0|6
105|72|0|11
105|84|0|12
105|86|0|13
105|87|0|14
105|110|0|15
105|219|-22|2
105|221|0|16
105|223|37|4
105|230|22|3
105|262|-150|1
105|291|-15|5
105|306|0|7
105|341|0|17
105|366|0|6
105|5017|0|8
105|5018|0|9
105|5023|0|10
105|5071|0|18
106|226|-10|1
106|279|-10|2
106|5002|-7|3
107|270|1|2
107|276|-1|4
107|325|-1|3
107|326|-5|1
108|225|1|3
108|365|1|2
108|475|-9|1
109|72|0|9
109|84|0|7
109|86|0|8
109|87|0|10
109|219|-12|2
109|223|20|4
109|230|12|3
109|262|-80|1
109|291|-8|5
109|5023|0|6
109|5071|0|11
110|249|-1|2
110|319|-3|1
111|249|-1|2
111|319|-14|1
112|246|-1|3
112|279|-1|2
112|310|-10|1
113|72|0|12
113|84|0|15
113|86|0|16
113|87|0|17
113|88|0|18
113|139|0|20
113|225|0|6
113|263|-10|1
113|286|-1|2
113|292|-1|4
113|334|1|5
113|355|-1|3
113|372|0|14
113|375|0|7
113|378|0|8
113|5017|0|9
113|5018|0|10
113|5023|0|11
113|5042|0|19
114|262|-1|3
114|281|-1|2
114|284|-10|1
114|285|1|5
114|304|1|4
115|239|5|4
115|246|-3|3
115|275|-20|1
115|279|-5|2
116|90|-2|1
117|211|-75|1
118|104|-2|1
119|366|0|1
119|373|0|2
120|234|-5|1
120|246|1|3
120|270|-1|4
120|312|1|2
120|326|1|5
121|223|-450|1
121|230|-67|3
121|262|67|4
121|273|-45|5
121|291|67|2
122|223|1|3
122|244|1|5
122|327|-5|1
122|328|-1|2
122|336|1|4
123|246|-30|3
123|276|-30|4
123|326|-30|2
123|5002|-30|1
124|228|-10|1
124|337|-10|3
124|338|-10|2
126|417|-50|2
126|418|12|1
127|226|-1|3
127|234|1|5
127|246|-5|1
127|279|-1|2
127|310|-1|4
128|226|-20|1
128|279|-20|2
128|5002|-15|3
129|271|15|2
129|281|-100|1
129|311|-10|5
129|330|15|3
129|362|-20|4
130|63|0|6
130|221|-2|1
130|230|-1|5
130|262|1|2
130|296|-1|3
130|341|1|4
131|230|1|4
131|262|-2|2
131|281|-2|3
131|311|-10|1
131|330|1|5
132|219|-1|5
132|221|2|4
132|262|-5|3
132|280|-3|2
132|341|-10|1
133|401|-10|1
134|72|0|6
134|84|0|7
134|86|0|8
134|87|0|9
134|88|0|10
134|99|0|18
134|133|0|11
134|139|0|19
134|223|1|2
134|241|-1|4
134|244|1|5
134|322|-5|1
134|365|0|14
134|379|1|3
134|398|0|13
134|412|0|17
134|5013|0|15
134|5017|0|12
134|5023|0|16
135|230|1|4
135|262|-1|2
135|281|-1|3
135|311|-5|1
135|330|1|5
136|242|-1|1
136|265|1|3
136|266|-1|2
137|72|0|10
137|84|0|7
137|86|0|8
137|87|0|9
137|221|-37|5
137|223|-25|4
137|230|-250|1
137|262|37|2
137|273|-37|3
137|306|0|6
138|304|21|3
138|329|-85|1
138|331|-85|5
138|332|-85|4
138|336|-63|2
139|246|-1|4
139|276|-10|1
139|326|-1|3
139|5002|-1|2
140|221|-1|5
140|238|-1|4
140|239|-1|3
140|271|-1|2
140|296|-5|1
141|312|1|3
141|322|1|2
141|379|-5|1
142|229|-35|2
142|230|-1|4
142|329|-3|3
142|330|-5|5
142|336|-35|1
143|394|-10|1
144|219|-1|3
144|223|1|2
144|229|-1|4
144|262|-1|5
144|291|-5|1
145|222|1|2
145|235|-10|1
146|221|2|2
146|262|-1|3
146|296|1|4
146|342|-10|1
147|72|0|12
147|84|0|10
147|86|0|11
147|87|0|13
147|219|-19|2
147|223|32|4
147|230|19|3
147|262|-130|1
147|291|-13|5
147|306|0|6
147|5017|0|7
147|5018|0|8
147|5023|0|9
147|5071|0|14
148|263|1|2
148|365|-10|1
148|475|1|3
149|239|1|1
149|363|-15|2
150|220|-25|1
150|281|-6|2
150|296|3|3
150|330|3|4
151|72|0|9
151|87|0|10
151|88|0|11
151|99|0|13
151|139|0|12
151|236|-18|2
151|270|-12|3
151|326|1|5
151|334|-125|1
151|355|0|15
151|370|-31|4
151|375|0|6
151|5017|0|7
151|5018|0|14
151|5023|0|8
152|238|1|4
152|239|1|5
152|245|-10|1
152|255|-1|2
152|333|-1|3
153|72|0|6
153|139|0|5
153|286|-2|2
153|292|-3|3
153|324|3|4
153|355|-20|1
154|68|0|6
154|101|0|7
154|221|2|2
154|262|-1|4
154|280|-2|1
154|341|-1|3
154|5017|0|5
155|465|-20|1
156|241|-1|2
156|263|-2|3
156|286|-2|4
156|292|-15|1
156|336|1|5
157|240|-1|2
157|255|-1|3
157|288|-1|1
157|333|-1|4
158|228|-37|2
158|261|-75|1
158|308|11|4
158|312|11|3
159|228|-150|2
159|337|-200|1
160|465|-10|1
161|144|-100|1
162|72|0|7
162|84|0|8
162|87|0|10
162|88|0|11
162|141|0|12
162|217|0|3
162|218|0|13
162|228|-11|2
162|251|0|9
162|337|-15|1
162|5017|0|4
162|5018|0|5
162|5023|0|6
164|305|-5|1
165|227|-11|2
165|274|-11|3
165|293|-15|1
165|312|-11|4
166|72|0|7
166|223|1|5
166|262|1|3
166|332|1|4
166|345|1|2
166|366|-10|1
166|5018|0|6
167|230|3|4
167|262|-4|2
167|281|-4|3
167|311|-20|1
167|330|3|5
168|241|-7|2
168|263|-22|3
168|286|-22|4
168|292|-150|1
168|336|7|5
169|225|-20|3
169|365|-20|2
169|474|-200|1
170|219|1|5
170|221|1|4
170|262|-1|3
170|280|-1|2
170|341|-1|1
171|64|0|15
171|68|0|14
171|72|0|10
171|83|0|21
171|84|0|5
171|86|0|6
171|87|0|7
171|88|0|8
171|97|0|20
171|99|0|13
171|126|0|18
171|137|0|9
171|281|10|3
171|330|-100|1
171|336|-15|2
171|362|10|4
171|375|0|11
171|5017|0|17
171|5018|0|16
171|5023|0|12
171|5071|0|19
173|262|-1|2
173|309|-10|1
173|361|-1|3
175|282|-15|1
175|323|1|2
176|263|1|2
176|365|-15|1
176|475|1|3
177|232|1|5
177|274|-1|2
177|290|-1|4
177|293|-1|3
177|312|-5|1
178|230|15|4
178|262|-20|2
178|281|-20|3
178|311|-100|1
178|330|15|5
179|262|-3|3
179|281|-3|2
179|284|-20|1
179|285|1|5
179|304|1|4
180|263|1|2
180|365|-12|1
180|475|1|3
181|72|0|6
181|83|0|13
181|84|0|7
181|86|0|8
181|97|0|9
181|219|-60|2
181|223|100|4
181|230|60|3
181|262|-400|1
181|291|-40|5
181|687|0|12
181|5017|0|10
181|5018|0|11
182|230|-1|4
182|329|-2|2
182|330|-1|5
182|331|-2|3
182|332|-15|1
182|364|0|8
182|366|0|6
182|373|0|7
183|223|1|2
183|241|-1|4
183|244|2|5
183|322|-10|1
183|379|1|3
184|263|3|2
184|365|-30|1
184|475|3|3
186|271|-2|1
186|281|1|2
186|296|-1|3
187|238|37|4
187|239|12|5
187|245|-250|1
187|255|-37|2
187|333|-37|3
188|228|-10|1
188|232|-10|2
188|261|-10|3
188|274|10|4
188|337|-10|5
189|221|20|2
189|262|-15|4
189|280|-20|1
189|341|-15|3
190|263|15|2
190|365|-150|1
190|475|15|3
191|228|-1|2
191|261|-2|1
191|308|1|4
191|312|1|3
192|262|-1|2
192|280|-1|4
192|341|-1|3
192|345|-5|1
193|226|-1|3
193|234|1|5
193|246|-2|1
193|279|-1|2
193|310|-1|4
194|465|-100|1
196|238|1|1
196|245|-2|2
196|255|-2|3
196|287|2|5
196|333|-15|4
197|219|-7|5
197|221|12|4
197|262|-25|3
197|280|-15|2
197|306|0|6
197|341|-50|1
198|223|-200|1
198|230|-30|3
198|262|30|4
198|273|-20|5
198|291|30|2
199|388|-15|1
200|219|-15|3
200|223|20|2
200|229|-10|4
200|262|-20|5
200|291|-100|1
201|402|-50|1
201|403|50|2
202|262|-1|4
202|272|-1|2
202|302|-5|1
202|306|1|3
203|262|-15|5
203|272|-100|1
203|302|-25|2
203|324|25|4
203|343|-15|3
203|5018|0|6
204|83|0|6
204|97|0|7
204|262|-1|5
204|272|-5|1
204|302|-1|2
204|324|1|4
204|343|-1|3
205|312|2|3
205|322|4|2
205|379|-50|1
206|255|-1|2
206|288|-1|4
206|322|-1|5
206|323|-3|1
206|333|-1|3
207|221|17|2
207|262|-10|3
207|296|10|4
207|342|-68|1
208|266|-7|2
208|267|-7|3
208|289|-10|1
209|239|-20|1
209|245|3|5
209|275|3|4
209|278|3|3
209|303|-3|2
209|1522|40|6
210|266|-131|2
210|267|-131|3
210|289|-175|1
211|320|-75|2
211|327|-75|3
211|328|-100|1
213|225|0|7
213|263|1|3
213|281|1|2
213|346|1|5
213|361|1|4
213|375|-1|1
213|378|0|6
214|263|25|2
214|365|-250|1
214|475|25|3
215|249|-7|1
215|319|-1|2
215|323|1|3
216|144|-5|1
217|223|-2|1
217|230|-1|3
217|262|1|4
217|273|-1|5
217|291|1|2
217|5023|0|6
218|405|-1|2
218|406|-4|1
218|419|2|3
218|448|1|4
219|248|1|2
219|313|-10|1
220|225|1|5
220|263|-2|2
220|286|-2|1
220|292|-2|3
220|300|-2|4
221|238|-10|1
221|240|1|4
221|245|1|2
221|255|1|3
222|226|-2|3
222|234|2|5
222|246|-10|1
222|279|-2|2
222|310|-2|4
223|228|5|4
223|274|-5|1
223|285|1|5
223|304|2|3
223|312|-5|2
224|236|-3|1
224|270|-3|3
224|370|-25|2
224|1522|37|4
226|248|1|2
226|313|-3|1
227|51|-300|1
228|225|0|3
228|263|1|1
228|375|0|4
228|378|-2|2
229|121|-200|1
230|219|-3|3
230|223|4|2
230|229|-2|4
230|262|-4|5
230|291|-20|1
231|227|-100|1
231|274|-100|2
231|293|-75|3
232|143|-2|1
234|223|-5|2
234|241|-100|1
234|292|5|3
234|329|-5|5
234|336|-5|4
235|230|-20|4
235|329|-60|2
235|330|-20|5
235|331|-60|3
235|332|-400|1
236|321|0|1
236|423|0|2
237|415|1|2
237|416|-5|1
237|5017|0|3
239|241|-1|2
239|263|-1|3
239|286|-1|4
239|292|-5|1
239|336|1|5
240|316|-800|1
241|65|0|6
241|234|0|4
241|246|-15|1
241|279|-15|2
241|310|-100|3
241|5042|0|5
242|41|-30|1
243|249|-12|1
243|319|-1|3
243|323|1|2
244|258|-1|1
246|72|0|10
246|84|0|7
246|86|0|8
246|87|0|9
246|110|0|12
246|221|-1|5
246|223|-1|4
246|230|-5|1
246|262|1|2
246|273|-1|3
246|306|0|6
246|5018|0|11
246|5071|0|13
247|262|-7|5
247|272|-50|1
247|302|-12|2
247|324|12|4
247|343|-7|3
248|311|-1|4
248|320|-1|1
248|327|-1|2
248|328|-1|3
249|231|15|4
249|233|15|5
249|242|15|2
249|254|15|3
249|265|-15|1
250|83|0|6
250|219|-96|5
250|221|160|4
250|262|-320|3
250|280|-192|2
250|341|-640|1
251|90|0|8
251|226|0|6
251|238|3|4
251|239|1|5
251|245|-25|1
251|246|0|7
251|255|-3|2
251|312|0|9
251|333|-3|3
251|5017|0|10
252|241|-1|2
252|263|-1|3
252|286|-1|4
252|292|-2|1
252|336|1|5
253|231|2|4
253|233|2|5
253|242|2|2
253|254|2|3
253|265|-2|1
254|376|-5|1
255|229|-15|2
255|230|-1|4
255|329|-1|3
255|330|-2|5
255|336|-15|1
256|270|2|2
256|276|-1|3
256|325|-1|4
256|326|-15|1
257|231|5|4
257|233|5|5
257|242|5|2
257|254|5|3
257|265|-5|1
258|231|4|4
258|233|4|5
258|242|4|2
258|254|4|3
258|265|-4|1
259|87|0|6
259|231|25|4
259|233|25|5
259|242|25|2
259|254|25|3
259|265|-25|1
260|231|1000|1
260|233|1000|2
260|242|1000|3
260|254|1000|4
260|265|-1000|5
261|237|-2|1
261|251|1|2
261|308|-1|3
262|382|-200|1
263|382|-7|1
264|72|0|19
264|78|0|21
264|84|0|23
264|86|0|22
264|87|0|24
264|88|0|25
264|98|0|20
264|99|0|27
264|133|0|26
264|139|0|28
264|141|0|29
264|225|0|7
264|232|2|5
264|234|0|8
264|261|0|10
264|274|-1|2
264|290|-2|4
264|293|-1|3
264|312|-10|1
264|365|0|13
264|375|0|9
264|379|0|6
264|394|0|15
264|398|0|14
264|412|0|11
264|5013|0|12
264|5017|0|16
264|5018|0|17
264|5023|0|18
264|5071|0|30
265|223|-7|2
265|241|-150|1
265|292|7|3
265|329|-7|5
265|336|-7|4
266|382|-4|1
267|382|-5|1
268|72|0|13
268|87|0|15
268|88|0|16
268|99|0|18
268|139|0|17
268|236|-15|2
268|263|0|7
268|270|-10|3
268|286|0|8
268|326|1|5
268|334|-100|1
268|355|0|9
268|370|-25|4
268|375|0|6
268|378|0|19
268|5017|0|10
268|5018|0|11
268|5023|0|12
269|382|-6|1
270|382|-1|1
271|101|-2|1
272|382|-2|1
273|121|-1|1
274|694|-10|1
275|265|1|3
275|266|-1|2
275|298|-5|1
276|72|0|12
276|84|0|14
276|86|0|13
276|87|0|15
276|110|0|17
276|219|-30|2
276|221|0|6
276|223|50|4
276|230|30|3
276|262|-200|1
276|291|-20|5
276|306|0|8
276|342|0|16
276|5009|0|7
276|5017|0|9
276|5018|0|10
276|5023|0|11
276|5071|0|18
277|233|-10|1
277|265|1|3
277|266|-1|2
277|267|-1|4
278|73|75|5
278|265|75|3
278|266|-75|2
278|267|-350|1
278|289|-250|4
279|239|47|4
279|246|-28|3
279|275|-190|1
279|279|-47|2
280|72|0|9
280|73|3|5
280|84|0|11
280|86|0|12
280|87|0|13
280|88|0|14
280|98|0|8
280|133|0|10
280|265|3|3
280|266|-3|2
280|267|-10|1
280|289|-5|4
280|471|0|6
280|5023|0|7
280|5071|0|15
281|65|0|1
281|72|0|12
281|84|0|16
281|88|0|17
281|99|0|19
281|106|0|18
281|119|0|13
281|139|0|15
281|234|0|2
281|270|2|5
281|276|-1|7
281|325|-1|8
281|326|-15|3
281|366|0|6
281|5009|0|4
281|5017|0|9
281|5018|0|10
281|5023|0|11
281|5042|0|14
281|5071|0|20
281|5072|0|21
282|209|-10|1
283|242|-35|1
283|265|5|3
283|266|-5|2
284|222|1|1
284|235|-1|2
284|261|1|3
284|308|-2|4
285|72|0|10
285|84|0|12
285|86|0|11
285|87|0|13
285|219|-7|2
285|223|12|4
285|230|7|3
285|262|-50|1
285|291|-5|5
285|306|0|6
285|5017|0|7
285|5018|0|8
285|5023|0|9
285|5071|0|14
286|64|0|21
286|68|0|17
286|72|0|12
286|83|0|24
286|84|0|13
286|86|0|14
286|87|0|15
286|88|0|23
286|97|0|16
286|110|0|19
286|132|0|25
286|219|-15|2
286|221|0|20
286|223|25|4
286|230|15|3
286|244|0|6
286|262|-100|1
286|291|-10|5
286|306|0|8
286|366|0|7
286|687|0|18
286|5017|0|9
286|5018|0|10
286|5023|0|11
286|5071|0|22
287|64|0|11
287|72|0|10
287|83|0|14
287|84|0|7
287|86|0|8
287|87|0|9
287|88|0|12
287|132|0|13
287|221|-15|5
287|223|-10|4
287|230|-100|1
287|262|15|2
287|273|-15|3
287|306|0|6
288|225|1000|5
288|263|-2000|2
288|286|-2000|1
288|292|-2000|3
288|300|-2000|4
289|402|-100|1
289|403|100|2
290|216|1|4
290|227|-100|3
290|274|-75|2
290|297|-100|1
291|262|-5|4
291|272|-25|2
291|302|-25|3
291|1597|-50|1
292|228|-1|1
292|232|-10|2
292|261|1|3
293|72|0|2
293|209|-3|1
294|263|-2|1
294|286|-1|2
294|292|-1|4
294|334|1|5
294|355|-1|3
295|286|-30|2
295|292|-45|3
295|324|45|4
295|355|-300|1
296|262|-5|4
296|272|-5|2
296|302|-20|1
296|306|3|3
297|353|-550|1
298|249|-10|1
298|319|-1|3
298|323|1|2
299|304|18|3
299|329|-75|1
299|331|-75|5
299|332|-75|4
299|336|-56|2
300|219|-9|2
300|223|15|4
300|230|9|3
300|262|-60|1
300|291|-6|5
300|5023|0|6
301|372|-5|1
302|262|-50|4
302|272|-50|2
302|302|-200|1
302|306|30|3
303|262|-7|4
303|272|-37|2
303|302|-37|3
303|1597|-75|1
304|223|-150|1
304|230|-22|3
304|262|22|4
304|273|-15|5
304|291|22|2
304|5023|0|6
305|281|-7|2
305|309|-2|3
305|361|-50|1
307|156|-100|1
308|262|-25|4
308|272|-25|2
308|302|-100|1
308|306|15|3
309|286|-2|2
309|292|-3|3
309|324|3|4
309|355|-25|1
310|219|-3|2
310|223|5|4
310|230|3|3
310|262|-20|1
310|291|-2|5
312|447|-10|1
313|286|-10|2
313|292|-15|3
313|324|15|4
313|355|-100|1
314|241|-1|2
314|263|-4|3
314|286|-4|4
314|292|-30|1
314|336|1|5
315|219|-1|2
315|223|1|4
315|230|1|3
315|262|-3|1
315|291|-1|5
316|254|-10|1
316|265|1|4
316|266|-1|3
316|267|-1|2
317|329|-5|3
317|331|-5|1
317|332|-5|2
317|415|0|4
318|78|0|7
318|86|0|9
318|87|0|13
318|98|0|5
318|262|-2|2
318|280|-3|4
318|341|-1|3
318|345|-10|1
318|5017|0|8
318|5018|0|12
318|5023|0|6
318|5071|0|11
319|121|-5|1
320|233|-50|1
320|265|7|3
320|266|-5|2
320|267|-7|4
321|219|-13|1
321|223|22|4
321|230|13|3
321|262|-90|2
321|291|-9|5
321|5023|0|6
322|222|7|1
322|235|-50|2
323|221|-5|1
323|230|-1|5
323|262|1|2
323|296|-1|3
323|341|1|4
324|225|5|5
324|263|-10|2
324|286|-10|1
324|292|-10|3
324|300|-10|4
325|220|-5|1
325|281|-1|2
325|296|-1|3
325|330|1|4
326|64|0|7
326|68|0|6
326|262|-12|2
326|280|-15|4
326|341|-7|3
326|345|-50|1
327|72|0|10
327|84|0|11
327|86|0|12
327|87|0|13
327|219|-45|2
327|223|75|4
327|230|45|3
327|262|-300|1
327|291|-30|5
327|306|0|6
327|5017|0|7
327|5018|0|8
327|5023|0|9
328|231|-20|1
328|265|3|3
328|266|-2|2
328|267|-3|4
330|694|-15|1
331|223|-10|1
331|230|-1|3
331|262|1|4
331|273|-1|5
331|291|1|2
332|219|-1|2
332|223|1|4
332|230|1|3
332|262|-5|1
332|291|-1|5
333|227|-10|1
333|274|-10|2
333|293|-7|3
334|304|187|3
334|329|-750|1
334|331|-750|5
334|332|-750|4
334|336|-396|2
335|207|-2|1
336|271|3|2
336|281|-25|1
336|311|-2|5
336|330|3|3
336|362|-5|4
337|372|-10|1
338|229|-122|2
338|230|-6|4
338|329|-12|3
338|330|-18|5
338|336|-122|1
339|238|-25|1
339|240|2|4
339|245|2|2
339|255|2|3
340|281|1|3
340|330|-1|1
340|336|-1|2
340|362|1|4
341|225|2|5
341|263|-5|2
341|286|-5|1
341|292|-5|3
341|300|-5|4
342|387|-30|1
344|238|6|4
344|255|-25|1
344|288|-6|2
344|333|-6|3
344|1604|1|5
345|262|-2|4
345|272|-12|2
345|302|-12|3
345|1597|-25|1
346|226|6|1
346|278|-3|2
346|340|-25|3
346|341|3|4
346|362|8|5
346|1522|100|6
347|221|-13|5
347|223|-9|4
347|230|-90|1
347|262|13|2
347|273|-13|3
347|5023|0|6
348|72|0|12
348|73|45|5
348|87|0|14
348|88|0|15
348|133|0|13
348|237|0|7
348|265|45|3
348|266|-45|2
348|267|-300|1
348|289|-225|4
348|366|0|8
348|471|0|6
348|5017|0|9
348|5018|0|10
348|5023|0|11
348|5071|0|16
349|281|-7|3
349|330|5|2
349|362|-50|1
350|372|-1|1
351|406|2|2
351|419|-5|3
351|430|1|1
351|448|-1|4
352|254|-10|1
352|265|1|2
352|266|-1|3
352|267|-1|4
353|229|-10|2
353|230|-1|4
353|329|-1|3
353|330|-1|5
353|336|-10|1
354|238|2|4
354|255|-10|1
354|288|-2|2
354|333|-2|3
354|1604|1|5
355|86|0|11
355|87|0|12
355|90|0|9
355|226|0|6
355|232|6|5
355|245|0|7
355|246|0|8
355|274|-3|2
355|290|-6|4
355|293|-3|3
355|312|-25|1
355|5017|0|10
357|221|-10|5
357|223|-7|4
357|230|-70|1
357|262|10|2
357|273|-10|3
358|221|-130|1
358|230|-6|5
358|262|19|2
358|296|-13|3
358|341|32|4
359|262|-18|3
359|281|-18|2
359|284|-125|1
359|285|6|5
359|304|6|4
360|228|-5|2
360|261|-10|1
360|308|1|4
360|312|1|3
361|5042|0|1
361|5072|0|2
362|5017|0|1
362|5028|0|2
363|227|-50|1
363|274|-50|2
363|293|-37|3
364|221|1|2
364|262|-1|3
364|296|1|4
364|342|-5|1
365|226|-100|1
365|279|-100|2
365|5002|-75|3
368|263|-1|3
368|286|-1|2
368|300|-10|1
369|242|-50|1
369|265|7|3
369|266|-7|2
370|251|0|1
371|272|-1|3
371|302|-1|2
371|343|-4|1
371|366|1|4
372|262|-51|2
372|309|-344|1
372|361|-17|3
373|254|-5|1
373|265|1|2
373|266|-1|3
373|267|-1|4
374|88|0|11
374|126|0|12
374|157|0|10
374|306|0|5
374|311|-2|4
374|319|0|6
374|320|-50|1
374|327|-10|2
374|328|-12|3
374|5017|0|7
374|5018|0|8
374|5023|0|9
374|5071|0|13
375|407|0|2
375|419|0|1
375|461|0|4
375|658|0|3
378|84|0|7
378|86|0|6
378|223|-5|1
378|230|-1|3
378|262|1|4
378|273|-1|5
378|291|1|2
379|272|-1|3
379|302|-1|2
379|343|-6|1
379|366|1|4
380|238|12|4
380|255|-50|1
380|288|-12|2
380|333|-12|3
380|1604|2|5
381|86|0|6
381|88|0|7
381|139|0|9
381|161|0|10
381|238|5|4
381|255|-20|1
381|288|-5|2
381|333|-5|3
381|471|0|13
381|1604|1|5
381|5017|0|11
381|5018|0|8
381|5071|0|12
382|72|0|11
382|86|0|12
382|88|0|13
382|98|0|6
382|139|0|14
382|161|0|15
382|238|5|4
382|255|-20|1
382|287|0|7
382|288|-5|2
382|333|-5|3
382|471|0|17
382|1604|1|5
382|5017|0|8
382|5018|0|9
382|5023|0|10
382|5071|0|16
383|262|15|2
383|306|-15|3
383|321|-100|1
383|345|15|4
384|219|-150|5
384|221|251|4
384|262|-502|3
384|280|-301|2
384|341|-1005|1
385|262|1|2
385|306|-1|3
385|321|-5|1
385|345|1|4
386|238|-1|1
386|240|1|4
386|245|1|2
386|255|1|3
387|417|10|2
387|418|-30|1
388|72|0|8
388|83|0|17
388|84|0|13
388|86|0|14
388|87|0|11
388|88|0|12
388|97|0|9
388|126|0|10
388|281|1|3
388|330|-5|1
388|336|-1|2
388|362|1|4
388|375|0|5
388|378|0|15
388|5017|0|6
388|5018|0|7
388|5071|0|16
389|311|-10|4
389|320|-200|1
389|327|-40|2
389|328|-50|3
390|307|-5|3
390|441|1|2
390|451|-5|1
391|450|-1|1
392|226|2|4
392|278|-1|3
392|340|-10|1
392|341|1|5
392|362|3|6
392|1522|40|7
393|441|1|3
393|443|1|2
393|446|-2|1
394|284|12|2
394|285|7|3
394|304|-50|1
394|318|2|4
395|231|20|4
395|233|20|5
395|242|20|2
395|254|20|3
395|265|-20|1
396|315|-500|1
396|441|25|2
396|5028|0|3
397|222|-50|1
397|235|5|2
397|308|5|3
398|201|-20|1
399|269|1|4
399|329|0|2
399|332|1|3
399|364|-10|1
399|373|0|5
400|86|0|7
400|110|0|6
400|223|-50|1
400|230|-7|3
400|262|7|4
400|273|-5|5
400|291|7|2
400|5023|0|8
401|250|-3|1
402|219|-1|3
402|223|2|2
402|229|-1|4
402|262|-2|5
402|291|-10|1
403|318|-10|1
404|228|-7|1
404|232|-50|2
404|261|7|3
405|307|-1|3
405|441|1|2
405|451|-1|1
406|219|-52|3
406|223|70|2
406|229|-35|4
406|262|-70|5
406|291|-350|1
407|256|-1|1
407|313|1|2
408|283|-2|2
409|262|1|2
409|272|1|4
409|291|1|5
409|306|-5|1
409|309|1|3
409|321|0|6
409|5071|0|7
410|88|0|10
410|126|0|11
410|157|0|12
410|306|0|5
410|311|-1|4
410|319|0|6
410|320|-15|1
410|327|-3|2
410|328|-3|3
410|5017|0|7
410|5018|0|8
410|5023|0|9
410|5071|0|13
411|259|2|2
411|307|-50|3
411|451|-50|1
412|249|-1|2
412|319|-5|1
413|249|-1|2
413|319|-15|1
415|315|-3|1
415|441|1|2
417|221|-100|1
417|230|-5|5
417|262|15|2
417|296|-10|3
417|341|25|4
418|221|-10|1
418|230|-1|5
418|262|1|2
418|296|-1|3
418|341|2|4
419|72|0|7
419|84|0|11
419|86|0|10
419|87|0|12
419|98|0|13
419|110|0|9
419|141|0|14
419|219|-1|2
419|223|2|4
419|230|1|3
419|262|-10|1
419|291|-1|5
419|1159|0|8
419|5023|0|6
419|5071|0|15
420|90|0|6
420|226|-25|1
420|245|0|4
420|246|0|5
420|279|-25|2
420|312|0|7
420|5002|-18|3
420|5017|0|8
421|452|-2|1
422|248|-100|1
422|252|0|7
422|257|0|8
422|259|0|9
422|283|0|10
422|312|-75|3
422|313|5|5
422|326|-75|2
422|426|0|6
422|441|5|4
423|311|-1|4
423|320|-30|1
423|327|-4|2
423|328|-5|3
423|345|0|5
424|248|0|4
424|285|-2|3
424|426|-2|1
424|1022|0|2
425|259|1|2
425|307|-5|3
425|451|-5|1
426|406|0|3
426|407|-3|1
426|460|1|2
427|121|-2|1
428|406|10|3
428|419|-20|1
428|430|2|4
428|448|-5|2
429|465|-30|1
430|429|100|2
430|435|-200|1
433|407|-1|1
433|460|1|2
434|462|-10|1
434|463|1|3
434|464|-1|2
435|431|1|2
435|439|-10|1
435|5048|0|3
436|456|-10|1
436|459|1|2
437|110|0|7
437|219|-49|5
437|221|82|4
437|262|-165|3
437|280|-99|2
437|306|0|6
437|341|-330|1
438|457|-10|1
439|429|750|3
439|430|-1500|2
439|436|-1500|1
439|468|0|4
440|430|-32|1
440|436|-12|2
440|448|25|3
441|462|2|3
441|463|-20|1
441|464|2|2
442|304|50|4
442|430|100|3
442|462|-50|2
442|464|-1000|1
443|249|-1|2
443|319|-20|1
444|405|-50|1
444|406|-50|2
444|429|25|3
446|458|-1|1
447|407|0|2
447|460|-5|1
447|5017|0|3
448|226|-200|2
448|246|-200|4
448|310|-200|3
448|438|0|5
448|469|-100|1
449|264|-50|3
449|268|-12|1
449|444|12|2
450|431|1|2
450|432|-10|1
451|72|0|12
451|84|0|13
451|86|0|14
451|87|0|15
451|110|0|16
451|219|-33|2
451|221|0|6
451|223|55|4
451|230|33|3
451|244|0|7
451|262|-220|1
451|291|-22|5
451|306|0|8
451|5017|0|9
451|5018|0|10
451|5023|0|11
451|5071|0|17
452|304|0|2
452|441|-125|1
452|444|-500|3
453|462|-15|1
453|463|1|3
453|464|-1|2
454|304|-50|3
454|315|50|4
454|430|-50|2
454|433|-500|1
455|405|-30|2
455|406|-30|1
455|419|10|4
455|429|10|3
455|448|10|5
456|169|0|17
456|184|0|16
456|256|0|6
456|257|0|8
456|259|0|9
456|307|0|19
456|440|-12|2
456|441|-50|1
456|442|-12|4
456|444|-12|5
456|445|-12|3
456|446|0|10
456|451|0|7
456|493|0|18
456|5017|0|11
456|5018|0|12
456|5021|0|13
456|5022|0|14
456|5023|0|15
457|406|0|1
457|407|0|3
457|419|0|2
458|220|-50|1
458|281|-12|2
458|296|7|3
458|330|7|4
459|228|-30|1
459|261|-30|2
459|308|10|3
459|312|10|4
460|249|-1|2
460|319|-6|1
461|426|0|1
462|249|-1|1
462|319|-7|2
463|249|-1|2
463|319|-18|1
464|211|-100|1
465|405|-6|2
465|406|-25|1
465|419|12|3
465|448|2|4
466|430|-15|1
466|436|-3|2
466|448|7|4
466|468|0|5
467|228|-50|2
467|261|-100|1
467|308|15|4
467|312|15|3
468|223|1|5
468|262|1|3
468|332|1|4
468|345|1|2
468|366|-3|1
469|262|-45|3
469|281|-45|2
469|284|-300|1
469|285|15|5
469|304|15|4
470|462|0|1
471|225|-1|3
471|365|-1|2
471|474|-10|1
472|225|-5|1
472|263|1|3
472|312|1|4
472|355|1|2
472|475|1|5
473|281|-3|3
473|330|2|2
473|362|-25|1
474|225|-1|1
474|263|1|3
474|312|1|4
474|355|1|2
474|375|0|6
474|378|0|7
474|475|1|5
475|431|-30|3
475|432|3|1
475|439|3|2
476|71|-9|1
476|365|0|2
477|63|0|6
477|221|-1|1
477|230|-1|5
477|262|1|2
477|296|-1|3
477|341|1|4
478|423|-10|1
479|240|-1|3
479|255|-1|4
479|288|-5|1
479|333|-1|5
480|221|3|2
480|262|-2|3
480|296|2|4
480|342|-15|1
481|415|-1|2
481|416|1|1
482|110|0|4
482|441|-12|2
482|442|-50|1
482|446|0|3
483|72|0|7
483|88|0|6
483|110|0|3
483|441|-25|2
483|442|-100|1
483|446|0|4
483|5023|0|8
483|5044|0|5
484|431|-20|3
484|432|2|1
484|439|2|2
485|441|-50|1
485|444|-100|2
485|5017|0|3
486|415|-2|2
486|416|1|1
489|230|1|4
489|262|-1|2
489|281|-1|3
489|311|-2|1
489|330|1|5
490|430|0|1
491|117|-5|1
492|88|-30|1
493|72|0|18
493|88|0|23
493|92|0|22
493|154|0|29
493|169|0|25
493|179|0|21
493|184|0|24
493|188|0|27
493|248|0|30
493|252|0|9
493|253|0|8
493|256|0|6
493|257|0|10
493|259|0|11
493|307|0|28
493|440|-25|2
493|441|-100|1
493|442|-25|4
493|444|-25|5
493|445|-25|3
493|446|0|12
493|451|0|7
493|493|0|26
493|5017|0|13
493|5018|0|14
493|5021|0|15
493|5022|0|16
493|5023|0|17
493|5043|0|19
493|5044|0|20
494|221|-25|1
494|230|-1|5
494|262|3|2
494|296|-2|3
494|341|6|4
495|298|-1|2
495|5011|-5|1
496|298|-1|2
496|5011|-10|1
497|226|-50|1
497|279|-50|2
497|5002|-37|3
498|431|-10|3
498|432|1|1
498|439|1|2
499|406|0|3
499|407|-100|1
499|460|10|2
500|238|6|2
500|240|-40|1
500|255|-6|3
500|288|-6|4
502|305|-1|1
504|406|0|3
504|407|-30|1
504|460|3|2
505|231|10|1
505|233|10|2
505|242|10|3
505|254|10|4
505|265|-30|5
507|1500|-1|1
507|1513|1|2
507|1519|-1|3
509|1501|-1|3
509|1520|1|2
509|1521|-1|1
509|5063|0|4
510|1484|1|2
510|1485|1|4
510|1486|1|3
510|1487|1|5
510|1488|-10|1
510|1542|-1|6
510|5017|0|7
511|1483|-1|4
511|1484|-10|2
511|1485|1|3
511|1486|1|5
511|1503|2|6
511|1504|1|7
511|1541|-10|1
511|5017|0|8
512|1490|-2|1
513|1583|-5|1
514|1510|5|4
514|1511|5|5
514|1512|5|6
514|1542|-10|1
514|1559|-1|2
515|1483|2|2
515|1484|2|3
515|1485|2|4
515|1486|2|5
515|1487|2|6
515|1488|-2|8
515|1499|2|7
515|1527|-25|1
516|1582|-5|1
517|1565|-5|1
518|5039|0|1
519|90|-1|1
520|1576|-100|1
521|532|0|8
521|1576|-25|1
521|1583|0|2
521|5017|0|5
521|5023|0|6
521|5027|0|7
522|532|0|1
523|78|0|8
523|86|0|10
523|87|0|11
523|98|0|5
523|141|0|12
523|251|0|13
523|270|1|2
523|276|-1|3
523|325|-1|4
523|326|-10|1
523|5017|0|9
523|5023|0|7
523|5071|0|14
524|237|-2|1
524|251|1|2
524|308|-1|3
525|1548|-1|2
525|1549|-1|1
525|1550|-1|3
525|1551|1|4
526|262|25|2
526|272|75|3
526|324|-100|1
526|343|-50|4
527|5027|0|1
528|5040|0|1
529|1509|-5|1
529|1510|-5|2
529|1542|2|3
529|5017|0|4
529|5023|0|5
531|1500|1|2
531|1501|-1|1
532|1555|-30|1
532|1556|-30|2
533|1543|-1|2
533|1544|-1|1
533|1545|-1|4
533|1546|-1|3
533|1547|1|5
534|1503|1|4
534|1505|1|5
534|1506|-1|3
534|1507|-1|6
535|262|62|2
535|272|187|3
535|324|-250|1
535|343|-125|4
536|1520|0|1
537|460|-20|1
538|262|5|2
538|272|15|3
538|324|-20|1
538|343|-10|4
539|1577|-30|1
540|262|7|2
540|272|22|3
540|324|-30|1
540|343|-15|4
541|217|1|2
541|218|-1|1
542|444|-30|1
543|217|-2|1
544|143|-15|1
546|1510|250|4
546|1511|250|5
546|1512|250|6
546|1542|-500|1
546|1559|-50|3
547|217|2|2
547|218|-22|1
548|217|1|2
548|218|-19|1
549|72|0|5
549|1513|-60|1
549|5017|0|2
549|5018|0|3
549|5023|0|4
550|1483|1|5
550|1487|1|6
550|1499|1|4
550|1502|-2|1
550|1503|-1|2
550|1504|-1|3
551|1483|10|2
551|1486|50|3
551|1561|-100|1
552|1483|1|4
552|1484|1|5
552|1485|1|6
552|1502|-1|2
552|1503|-1|3
552|1504|-1|1
552|1541|1|7
553|1483|1|6
553|1484|2|7
553|1485|1|8
553|1502|-1|2
553|1503|-4|1
553|1504|-1|3
553|1505|1|4
553|1506|1|5
553|1541|1|9
555|1598|-100|1
557|5033|0|1
559|217|2|2
559|218|-27|1
560|5033|0|1
561|1609|1|3
561|1610|0|6
561|1611|0|4
561|1612|-1|1
561|1613|0|5
561|1616|-1|2
562|1629|-10|1
563|1627|0|3
563|1628|0|4
563|1657|0|6
563|5017|0|5
563|5037|0|1
564|1609|-2|2
564|1618|-2|3
566|1627|10|2
566|1628|-10|1
567|217|2|2
567|218|-28|1
568|217|3|2
568|218|-31|1
569|1659|-1|1
571|217|3|2
571|218|-30|1
572|217|3|2
572|218|-33|1
573|415|-30|1
575|259|1|2
575|307|-3|3
575|451|-3|1
576|1484|-30|3
576|1485|10|2
576|1506|10|1
578|406|0|3
578|407|-5|1
578|460|1|2
579|78|0|4
579|86|0|13
579|87|0|14
579|98|0|12
579|141|0|15
579|222|7|1
579|235|-50|2
579|251|0|3
579|312|0|6
579|325|0|8
579|326|0|7
579|345|0|5
579|5017|0|9
579|5018|0|11
579|5023|0|10
579|5071|0|16
580|1510|2|3
580|1511|2|4
580|1512|2|5
580|1542|-5|1
580|1559|-1|2
581|532|0|10
581|1509|-10|1
581|1510|-10|2
581|1542|5|3
581|1583|0|4
581|5017|0|7
581|5023|0|8
581|5027|0|9
582|1510|50|3
582|1511|50|4
582|1512|50|5
582|1542|-100|1
582|1559|-10|2
584|1483|-1|4
584|1484|-5|2
584|1485|1|3
584|1486|1|5
584|1503|1|6
584|1504|1|7
584|1541|-5|1
584|5017|0|8
584|5023|0|9
585|72|0|8
585|1500|0|2
585|1501|0|4
585|1513|-1|1
585|1519|0|3
585|5017|0|5
585|5018|0|6
585|5023|0|7
588|1483|1|5
588|1487|2|6
588|1499|5|4
588|1502|-10|1
588|1503|-1|2
588|1504|-1|3
589|1483|1|6
589|1484|2|7
589|1485|1|8
589|1502|-1|2
589|1503|-5|1
589|1504|-1|3
589|1505|1|4
589|1506|1|5
589|1541|1|9
589|1561|0|10
590|1483|100|2
590|1486|500|3
590|1561|-1000|1
591|1483|1|11
591|1487|1|12
591|1499|2|10
591|1502|-5|6
591|1503|-1|7
591|1504|-1|8
592|1486|2|4
592|1487|5|5
592|1503|2|2
592|1505|-20|1
592|1506|2|3
593|5015|-25|1
594|1483|10|5
594|1484|10|3
594|1485|10|2
594|1486|10|4
594|1487|10|6
594|1488|-30|7
594|1499|10|1
594|1528|-30|8
595|251|-1|1
595|5071|0|2
597|1508|0|5
597|1509|-75|1
597|1510|-75|2
597|1512|0|4
597|1542|37|3
598|251|-3|1
598|5071|0|2
599|251|-4|1
600|419|-30|3
600|429|-30|2
600|430|10|1
600|448|-30|4
601|251|-5|1
602|1483|-1|4
602|1485|1|3
602|1486|1|2
602|1487|-10|1
602|1502|2|5
602|1505|2|6
603|1483|-1|4
603|1484|-10|1
603|1485|1|2
603|1486|1|3
603|1503|5|6
603|1504|1|7
603|1541|-10|5
604|1484|-1|2
604|1485|-1|4
604|1486|-1|3
604|1487|-1|5
604|1499|-10|1
604|1502|5|6
605|1483|-1|4
605|1485|1|2
605|1486|-10|1
605|1487|1|3
605|1505|1|6
605|1561|5|5
606|1483|-30|6
606|1484|-30|3
606|1485|10|1
606|1486|10|4
606|1503|10|7
606|1504|10|5
606|1541|-30|2
607|1483|-2|4
607|1484|5|2
607|1485|-50|1
607|1486|5|3
607|1503|5|6
607|1504|12|7
607|1542|5|5
608|1483|-1|4
608|1485|2|3
608|1486|2|2
608|1487|-25|1
608|1502|6|5
608|1505|6|6
609|1483|-50|1
609|1484|-50|2
609|1485|-50|3
609|1486|-50|4
609|1487|-50|5
609|1502|5|6
609|1503|5|7
609|1504|5|8
609|1561|5|9
610|1483|-1|4
610|1484|1|2
610|1485|-10|1
610|1486|1|3
610|1503|1|6
610|1504|2|7
610|1542|1|5
611|251|-50|1
612|248|1|2
612|313|-1|1
613|251|1|1
613|317|-10|2
614|344|0|1
615|406|1|2
615|419|-3|3
615|430|1|1
615|448|-1|4
616|405|-5|2
616|406|-20|1
616|407|0|5
616|419|10|3
616|448|2|4
618|251|1|2
618|317|-15|1
619|251|1|2
619|317|-20|1
620|263|1|3
620|281|1|2
620|346|1|5
620|361|1|4
620|375|-8|1
622|226|-200|2
622|246|-200|4
622|310|-200|3
622|438|-100|1
624|409|-10|1
625|430|-30|1
625|436|-30|4
625|448|10|3
625|467|-30|2
626|430|-5|1
626|436|-1|2
626|448|2|3
626|467|0|4
626|468|0|5
627|430|-20|1
627|436|-5|2
627|448|10|3
627|468|0|4
628|430|-10|2
628|467|-10|1
629|405|-12|2
629|406|-50|1
629|419|25|3
629|448|5|4
630|430|-500|1
630|436|-125|2
630|448|250|3
631|251|-25|1
632|251|-100|1
633|251|1|1
633|317|-5|2
634|435|-30|1
635|435|-30|1
636|285|-3|2
636|426|-3|1
638|441|-25|2
638|445|-100|1
638|5017|0|3
639|441|-12|2
639|443|-50|1
640|5017|0|1
641|425|-30|1
642|251|5|2
642|317|-100|1
643|248|-5|1
643|252|0|7
643|257|0|8
643|259|0|9
643|283|0|10
643|312|-3|3
643|313|1|5
643|326|-3|2
643|426|0|6
643|441|1|4
644|51|-2|1
645|252|-1|1
646|92|0|6
646|248|1|3
646|257|-2|1
646|259|-2|4
646|307|0|5
646|441|1|2
647|270|-15|1
647|310|0|5
647|311|1|3
647|326|2|2
647|1522|30|4
648|404|-1|1
649|407|-2|1
651|259|2|2
651|307|-50|3
651|451|-50|1
652|229|-5|2
652|230|-1|4
652|329|-1|3
652|330|-1|5
652|336|-5|1
653|458|-5|1
654|271|-5|1
654|281|1|2
654|296|-1|3
655|229|-100|2
655|230|-5|4
655|329|-10|3
655|330|-15|5
655|336|-100|1
656|281|200|3
656|330|-2000|1
656|336|-300|2
656|362|200|4
657|72|0|5
657|84|0|6
657|86|0|7
657|87|0|8
657|88|0|9
657|281|40|3
657|330|-400|1
657|336|-60|2
657|362|40|4
657|375|0|10
657|5023|0|11
657|5071|0|12
658|1609|1|5
658|1610|0|8
658|1611|0|6
658|1612|-2|3
658|1613|0|7
658|1616|-2|4
659|247|-3|1
659|318|-1|2
660|281|1|3
660|330|-2|1
660|336|-1|2
660|362|1|4
660|5017|0|6
660|5018|0|5
661|344|0|2
661|1624|-1|1
662|1656|-1000|1
664|1609|1|3
664|1610|0|4
664|1611|-1|1
664|1612|0|5
664|1613|0|6
664|1615|-1|2
665|2|-30|1
665|13|10|2
665|328|10|3
666|1609|1|3
666|1610|0|6
666|1611|0|4
666|1612|0|5
666|1613|-1|1
666|1617|-1|2
667|13|10|1
667|1612|-30|2
667|1616|-30|3
668|13|10|1
668|1612|-30|2
668|1616|-30|3
669|1609|1|3
669|1610|0|4
669|1611|-2|1
669|1612|0|5
669|1613|0|6
669|1615|-2|2
670|13|10|1
670|1610|-30|2
670|1614|-30|3
671|281|-1|3
671|330|1|2
671|362|-10|1
672|229|-20|1
672|281|-20|2
672|291|-15|3
672|336|-20|4
673|259|-3|2
673|307|0|3
673|451|1|1
674|5067|0|1
675|315|-2|2
675|441|1|1
676|315|-3|2
676|441|1|1
677|304|-1|2
677|455|-1|1
678|252|-3|1
678|5017|0|2
680|440|-37|2
680|441|-150|1
680|442|-37|4
680|444|-37|5
680|445|-37|3
680|5017|0|6
680|5023|0|7
681|72|0|8
681|88|0|9
681|92|0|7
681|154|0|17
681|169|0|13
681|179|0|6
681|184|0|16
681|188|0|14
681|248|0|18
681|253|0|12
681|307|0|15
681|440|-50|2
681|441|-200|1
681|442|-50|4
681|444|-50|5
681|445|-50|3
681|446|0|11
681|5017|0|10
681|5023|0|19
682|72|0|6
682|88|0|8
682|223|1|5
682|262|1|3
682|332|1|4
682|345|1|2
682|366|-2|1
682|5018|0|7
683|253|-2|1
684|274|-1|5
684|290|-2|1
684|293|-1|4
684|312|-1|2
684|322|1|3
685|441|-225|1
685|445|-900|2
686|284|125|2
686|285|75|3
686|304|-500|1
686|318|25|4
686|455|0|5
687|318|-5|1
688|318|-200|1
689|427|-5|1
691|65|0|9
691|83|0|10
691|88|0|7
691|110|0|12
691|120|0|11
691|234|0|5
691|270|1|2
691|276|-1|3
691|325|-1|4
691|326|-1|1
691|5042|0|6
693|217|-1|1
694|217|2|2
694|218|-25|1
695|458|-10|1
696|229|-50|2
696|230|-2|4
696|329|-5|3
696|330|-7|5
696|336|-50|1
697|68|0|7
697|101|0|8
697|230|1|4
697|262|-1|2
697|281|-1|3
697|311|-1|1
697|330|1|5
697|5017|0|6
698|225|0|7
698|263|1|3
698|281|1|2
698|346|1|5
698|361|1|4
698|375|-2|1
698|378|0|6
699|281|10|3
699|330|-30|2
699|336|-30|1
699|362|10|4
700|286|-1|2
700|292|-1|3
700|324|1|4
700|355|-10|1
701|386|0|2
701|5017|0|1
701|5043|0|3
704|282|-3|1
704|323|1|2
705|236|-1|1
705|334|-1|2
705|370|-1|3
706|441|-125|1
706|445|-500|2
707|441|-125|2
707|443|-500|1
708|441|-250|2
708|443|-1000|1
709|237|-10|1
709|251|2|2
709|308|-2|3
710|72|0|8
710|1500|0|2
710|1501|0|4
710|1513|-5|1
710|1519|0|3
710|5017|0|5
710|5018|0|6
710|5023|0|7
711|1513|-20|1
712|239|-15|1
712|245|2|5
712|275|2|4
712|278|2|3
712|303|-2|2
712|1522|30|6
713|1532|-5|1
714|434|-10|1
715|1531|-5|1
716|1529|-5|1
717|1530|-5|1
718|1533|-5|1
719|1500|1|2
719|1501|-2|1
721|1500|10|1
721|1501|-100|2
722|1500|-2|1
722|1501|1|2
723|1516|0|1
723|1552|0|3
723|5028|0|2
724|263|5|2
724|365|-50|1
724|475|5|3
725|1500|-3|1
725|1501|1|2
726|386|0|1
727|255|-1|2
727|288|-1|4
727|322|-1|5
727|323|-3|1
727|333|-1|3
728|341|0|1
731|240|-10|1
731|255|-1|2
731|288|-1|3
731|333|-1|4
733|371|-1|1
734|312|1|2
734|412|-1|1
735|244|-825|1
735|262|41|2
735|263|82|4
735|320|206|3
735|329|206|5
736|263|1|1
736|375|0|3
736|378|-1|2
738|281|-6|3
738|330|-6|2
738|346|-25|1
738|362|-3|4
740|242|-15|1
740|265|2|3
740|266|-2|2
741|225|1|2
741|365|1|3
741|475|-9|1
742|221|-1|5
742|223|-1|4
742|230|-1|1
742|262|1|2
742|273|-1|3
743|441|1|3
743|443|1|2
743|446|-1|1
744|219|-3|5
744|221|5|4
744|262|-10|3
744|280|-6|2
744|341|-20|1
744|5018|0|6
745|316|-10|1
746|238|3|4
746|239|1|5
746|245|-20|1
746|255|-3|2
746|333|-3|3
747|78|-1|1
748|458|-20|1
749|86|0|6
749|232|75|5
749|274|-45|2
749|290|-75|4
749|293|-45|3
749|312|-300|1
750|458|-30|1
751|457|-20|1
754|228|50|4
754|274|-50|1
754|285|12|5
754|304|25|3
754|312|-50|2
755|227|-20|1
755|274|-20|2
755|293|-15|3
756|382|-3|1
757|65|-2|1
757|326|0|3
757|5018|0|2
758|236|-2|2
758|270|-2|3
758|370|-15|1
758|1522|22|4
759|72|0|7
759|83|0|13
759|87|0|10
759|88|0|9
759|236|-2|2
759|270|-1|3
759|326|1|5
759|334|-15|1
759|355|0|11
759|370|-3|4
759|375|0|6
759|5017|0|12
759|5018|0|8
760|222|-5|1
760|235|1|2
760|308|1|3
761|250|-2|1
762|244|-15|1
762|262|1|2
762|263|1|4
762|320|3|3
762|329|3|5
763|236|-5|1
763|334|-1|3
763|370|-1|2
764|250|-25|1
765|246|-3|2
765|279|-3|3
765|310|-20|1
766|72|0|9
766|84|0|5
766|86|0|6
766|87|0|7
766|306|0|8
766|311|-1|4
766|320|-2|1
766|327|-1|2
766|328|-1|3
767|262|-30|1
767|272|-30|2
767|302|-30|3
767|306|0|5
767|324|10|6
767|343|-30|4
769|262|10|1
769|291|10|2
770|221|-1|1
770|223|-1|2
770|230|-5|3
770|262|1|4
770|273|-1|5
771|262|3|2
771|306|-3|3
771|321|-20|1
771|345|3|4
772|255|10|2
772|312|10|4
772|326|10|1
772|398|-200|3
773|223|-1|2
773|241|-25|1
773|292|1|3
773|329|-1|5
773|336|-1|4
774|368|-2|1
775|68|0|1
776|255|1|2
776|1604|-2|1
778|72|0|9
778|84|0|11
778|86|0|10
778|87|0|12
778|231|10|4
778|233|10|5
778|242|10|2
778|254|10|3
778|265|-10|1
778|5017|0|6
778|5018|0|7
778|5023|0|8
779|263|1|2
779|365|-5|1
779|475|1|3
780|252|-2|1
781|281|-3|3
781|330|3|2
781|362|-20|1
781|5017|0|4
782|279|75|2
782|284|75|3
782|285|-300|4
782|304|15|5
782|426|-300|1
784|88|0|8
784|332|1|2
784|345|1|3
784|364|0|7
784|366|1|4
784|373|-2|1
784|687|0|9
784|1601|0|10
784|5017|0|5
784|5018|0|6
785|449|-30|1
786|385|-5|1
789|252|0|1
791|271|10|2
791|281|-30|1
791|311|-30|5
791|330|10|3
791|362|-30|4
793|92|0|6
793|248|1|5
793|257|-1|1
793|259|-1|2
793|307|0|4
793|441|1|3
794|1597|2|2
794|1601|-5|1
795|440|-100|1
795|441|-25|2
796|247|-2|1
796|318|-1|2
797|450|-3|1
797|5046|0|2
798|295|-3|1
799|440|-3|1
799|441|-1|2
800|441|-1|1
800|445|-2|2
800|446|0|3
801|226|25|1
801|278|-15|2
801|340|-100|3
801|341|15|4
801|362|35|5
801|1522|400|6
802|239|75|4
802|270|-75|2
802|278|-100|1
802|279|100|5
802|303|100|3
803|272|-60|3
803|302|-60|2
803|343|-300|1
803|366|45|4
804|450|-2|1
804|5046|0|2
805|92|0|5
805|248|1|4
805|257|-3|1
805|259|-3|2
805|441|1|3
810|450|-10|1
811|269|1|3
811|332|1|2
811|364|-3|1
811|373|0|4
812|450|-5|1
812|5046|0|2
813|428|-10|1
814|456|-1000|1
814|459|100|2
815|447|-250|1
817|248|-10|1
817|252|0|7
817|257|0|8
817|259|0|9
817|283|0|10
817|312|-7|3
817|313|1|5
817|326|-7|2
817|426|0|6
817|441|1|4
818|248|-200|1
818|312|-150|3
818|313|10|5
818|326|-150|2
818|441|10|4
819|447|-5|1
820|431|5|2
820|439|-50|1
821|460|-30|1
822|406|0|3
822|407|-20|1
822|460|2|2
823|449|-10|1
824|430|-30|1
824|436|-7|2
824|448|15|3
824|468|0|4
825|248|-50|1
825|312|-37|3
825|313|2|5
825|326|-37|2
825|441|2|4
826|419|-5|2
826|429|-5|3
826|430|10|4
826|448|-20|1
827|431|-5|3
827|432|1|1
827|439|1|2
828|431|3|2
828|432|-30|1
829|259|1|2
829|307|-10|3
829|451|-10|1
830|265|1|2
830|267|1|3
830|471|-1|1
831|239|-5|1
831|245|1|5
831|275|1|4
831|278|1|3
831|303|-1|2
831|1522|1|6
832|446|0|1
833|219|-25|1
833|262|-25|2
833|273|25|4
833|291|-25|5
833|304|12|3
834|259|1|2
834|307|-2|3
834|451|-2|1
835|144|-10|1
836|169|0|7
836|185|0|6
836|307|0|2
836|318|-125|3
836|451|0|1
836|498|0|8
836|5017|0|4
836|5018|0|5
838|318|-150|1
839|1535|-3|1
839|1536|-3|2
839|1562|-1|3
840|1535|-1|2
840|1536|-3|3
840|1562|-3|1
841|1500|-1|1
841|1501|1|2
842|1503|1|2
842|1505|1|3
842|1506|-5|1
842|1507|-1|4
843|1563|-1|1
844|223|-1|2
844|241|-10|1
844|292|1|3
844|329|-1|5
844|336|-1|4
845|1500|1|1
845|1501|-3|2
846|318|-50|1
847|262|-1|5
847|272|-2|1
847|302|-1|2
847|324|1|4
847|343|-1|3
848|239|2|4
848|246|-1|3
848|275|-10|1
848|279|-2|2
849|431|10|2
849|439|-100|1
849|5048|0|3
850|1483|-30|6
850|1484|10|2
850|1485|-30|1
850|1486|10|4
850|1503|10|7
850|1504|10|5
850|1542|10|3
851|225|1|1
851|365|1|3
851|475|-2|2
853|226|-1200|2
853|246|-1200|4
853|310|-1200|3
853|438|-1000|1
856|387|-2|1
857|272|1|3
857|302|1|4
857|1597|1|2
857|1599|-1|1
858|318|-100|1
859|1597|-25|2
859|1620|-50|1
860|318|-500|1
861|244|-10|1
861|262|1|2
861|263|1|4
861|320|2|3
861|329|2|5
862|244|-2|1
862|262|1|2
862|263|1|4
862|320|1|3
862|329|1|5
863|246|1|3
863|310|1|5
863|316|1|4
863|326|1|2
863|1622|-3|1
863|5072|0|6
864|281|-1|3
864|330|1|2
864|362|-5|1
865|318|-1|1
866|1568|-3|1
867|242|-5|1
867|265|1|3
867|266|-1|2
868|318|0|1
868|5017|0|2
868|5028|0|3
869|121|-50|1
871|315|-100|2
871|441|5|1
872|1609|1|3
872|1612|-5|1
872|1616|-5|2
873|13|-30|1
873|315|-30|2
874|262|1|2
874|272|3|3
874|324|-5|1
874|343|-2|4
875|315|-7|2
875|441|1|1
876|1483|5|2
876|1484|5|3
876|1485|5|4
876|1486|5|5
876|1487|5|6
876|1488|-5|8
876|1499|5|7
876|1528|-50|1
877|253|-3|1
878|1563|1|2
878|1564|-1|1
879|259|-1|2
879|307|0|3
879|451|1|1
881|98|-3|1
884|307|-4|3
884|441|1|2
884|451|-4|1
885|223|-100|1
885|230|-15|3
885|262|15|4
885|273|-10|5
885|291|15|2
886|64|0|5
886|221|5|4
886|262|-3|3
886|280|-5|1
886|341|-3|2
887|250|-4|1
888|238|1|4
888|240|-2|1
888|255|-1|3
888|288|-1|2
889|238|10|1
889|239|10|5
889|245|-30|2
889|255|-30|3
889|333|-30|4
890|1609|1|4
890|1610|-1|2
890|1611|0|7
890|1612|0|6
890|1613|0|5
890|1614|-1|3
891|265|25|3
891|266|-25|1
891|267|-25|2
891|304|12|4
891|382|12|5
892|451|0|1
893|259|1|2
893|307|-2|3
893|451|-2|1
894|318|-3|1
895|304|-3|2
895|455|-2|1
896|63|0|6
896|221|-915|1
896|230|-45|5
896|262|200|2
896|296|-91|3
896|341|300|4
897|304|0|1
898|1597|-1|2
898|1602|-1|1
899|428|0|1
901|307|-30|3
901|441|1|2
901|451|-30|1
902|428|0|1
903|265|1|2
903|267|1|3
903|471|-5|1
904|265|1|2
904|267|1|3
904|471|-3|1
905|265|1|2
905|267|1|3
905|471|-10|1
907|262|1|2
907|272|1|4
907|291|1|5
907|306|-10|1
907|309|1|3
907|321|0|6
908|225|5|2
908|365|5|3
908|475|-50|1
909|265|5|2
909|267|5|3
909|471|-50|1
910|265|2|2
910|267|2|3
910|471|-20|1
911|265|3|2
911|267|3|3
911|471|-30|1
912|226|-1000|2
912|246|-1000|4
912|310|-1000|3
912|438|-500|1
913|226|-100|2
913|246|-100|4
913|310|-100|3
913|438|-50|1
914|5028|0|1
915|5072|0|1
916|262|-2|3
916|281|-2|2
916|284|-15|1
916|285|1|5
916|304|1|4
917|121|-10|1
918|431|100|2
918|432|-1000|1
919|306|0|1
919|5023|0|2
920|296|0|2
920|306|0|3
920|5009|0|1
920|5017|0|4
920|5018|0|5
920|5023|0|6
923|281|-30|4
923|330|10|3
923|336|10|1
923|362|-30|5
923|375|0|2
923|5017|0|6
923|5018|0|7
923|5023|0|8
924|244|-30|2
924|262|10|4
924|263|10|3
924|320|10|5
924|329|10|1
925|225|0|1
925|234|0|2
925|365|0|3
925|378|0|4
925|5017|0|5
925|5018|0|6
925|5023|0|7
926|344|-30|1
928|242|-30|1
928|265|4|3
928|266|-4|2
930|72|0|10
930|78|0|4
930|86|0|13
930|87|0|14
930|98|0|5
930|141|0|15
930|222|30|2
930|235|-200|1
930|237|0|11
930|251|0|3
930|308|0|12
930|416|0|6
930|5017|0|7
930|5018|0|8
930|5023|0|9
930|5071|0|16
931|98|0|2
931|287|0|3
931|1604|0|1
931|5017|0|4
931|5018|0|5
931|5023|0|6
933|239|3|4
933|246|-2|3
933|275|-15|1
933|279|-3|2
937|307|-3|3
937|441|1|2
937|451|-3|1
938|5016|-30|1
939|475|10|2
939|5023|0|1
940|285|1|2
940|318|-40|3
940|454|-20|1
940|5017|0|4
941|401|0|3
941|424|0|4
941|475|-30|5
941|476|-30|6
941|5017|0|1
941|5023|0|2
942|476|-30|1
943|424|-30|1
944|72|0|8
944|83|0|19
944|84|0|10
944|86|0|11
944|87|0|12
944|88|0|13
944|97|0|9
944|99|0|15
944|126|0|16
944|137|0|14
944|281|5|3
944|330|-50|1
944|336|-7|2
944|362|5|4
944|375|0|5
944|378|0|17
944|5017|0|6
944|5023|0|7
944|5071|0|18
945|72|0|10
945|219|-30|1
945|223|10|2
945|230|10|3
945|262|-30|4
945|291|-30|5
945|306|0|6
945|5017|0|7
945|5018|0|8
945|5023|0|9
946|306|0|1
946|5023|0|2
947|406|5|2
947|419|-10|4
947|429|0|3
947|430|3|1
947|448|-8|5
948|285|1|2
948|318|-30|3
948|454|-15|1
948|5017|0|4
949|262|1|2
949|306|-1|3
949|321|-1|1
949|5014|1|4
950|456|2|2
950|459|-20|1
952|299|-50|1
953|1508|-75|1
953|1510|-7|2
953|1511|-7|3
953|1512|-7|4
954|1513|-100|1
955|1509|1|2
955|1542|-1|3
955|1559|-10|1
956|1483|-200|7
956|1484|-100|3
956|1485|-100|2
956|1486|-100|4
956|1487|-150|8
956|1502|75|5
956|1503|75|9
956|1504|75|6
956|1561|75|1
957|1483|-30|7
957|1484|-30|3
957|1485|-30|2
957|1486|-30|4
957|1487|-30|8
957|1502|10|5
957|1503|10|9
957|1504|10|6
957|1561|10|1
958|1483|1|4
958|1484|1|5
958|1485|1|6
958|1502|-1|2
958|1503|-1|3
958|1504|-5|1
958|1541|1|7
959|1503|2|3
959|1505|2|4
959|1506|-20|2
959|1507|-2|5
960|1555|-1|3
960|1556|-1|2
960|1557|-1|1
961|1555|-30|2
961|1556|-30|3
961|1557|-30|1
962|1516|0|2
962|1552|-9|1
962|5017|0|3
963|1483|5|3
963|1484|5|4
963|1486|5|6
963|1487|5|5
963|1541|5|7
963|1555|-5|1
963|1556|-1|2
964|1483|1000|3
964|1484|1000|4
964|1486|1000|6
964|1487|1000|5
964|1541|1000|7
964|1555|-1000|1
964|1556|-1000|2
965|1506|-50|3
965|1507|-500|2
966|1483|1|6
966|1484|5|7
966|1485|1|8
966|1502|-1|2
966|1503|-10|1
966|1504|-1|3
966|1505|1|4
966|1506|1|5
966|1541|1|9
967|1483|5|2
967|1484|5|3
967|1485|5|4
967|1486|5|5
967|1487|5|6
967|1488|-5|8
967|1499|5|7
967|1527|-50|1
968|1483|10|2
968|1484|10|3
968|1485|10|4
968|1486|10|5
968|1487|10|6
968|1488|-10|8
968|1499|10|7
968|1528|-100|1
969|1543|-1|2
969|1544|-1|4
969|1545|-1|1
969|1546|-1|3
969|1547|1|5
970|1543|-1|1
970|1544|-1|2
970|1545|-1|3
970|1546|-1|4
970|1547|1|5
971|1535|-30|1
971|1562|-30|2
972|1535|-2|2
972|1536|-4|3
972|1562|-4|1
973|1548|-1|2
973|1549|-1|3
973|1550|-1|1
973|1551|1|4
974|1548|-1|2
974|1549|-1|3
974|1550|-5|1
974|1551|1|4
975|1574|-5|1
976|1573|-5|1
977|1548|1|3
977|1549|1|4
977|1550|1|2
977|1551|-1|1
978|1501|-10|3
978|1520|10|2
978|1571|-100|1
980|84|-701|2
980|304|-30|4
980|430|-30|1
980|448|10|3
981|5026|0|1
982|72|0|1
983|194|-30|1
983|398|10|2
983|410|10|3
983|435|10|4
984|281|50|3
984|330|-1000|1
984|336|-150|2
984|362|50|4
985|72|0|7
985|84|0|8
985|86|0|9
985|87|0|10
985|221|-7|5
985|223|-5|4
985|230|-50|1
985|262|7|2
985|273|-7|3
985|5023|0|6
986|459|0|1
987|1503|1|2
987|1505|1|3
987|1506|-3|1
987|1507|-1|4
988|694|-10|1
988|5026|0|2
989|225|-30|1
989|472|-30|2
990|231|1|4
990|233|1|5
990|242|1|2
990|254|1|3
990|265|-1|1
991|63|0|1
992|119|0|1
993|1559|0|1
994|258|-3|1
994|341|3|2
995|5028|0|1
996|5028|0|1
997|258|10|1
997|341|-30|2
998|27|-30|1
998|404|-30|2
1000|283|-3|1
1001|5017|0|1
1002|424|-200|2
1002|5017|0|3
1003|424|0|2
1003|5017|0|1
1005|35|0|1
1005|72|0|10
1005|98|0|4
1005|101|0|5
1005|104|0|6
1005|136|0|2
1005|366|0|3
1005|5017|0|7
1005|5018|0|8
1005|5023|0|9
1006|5028|0|1
1006|5030|0|2
1008|5032|0|1
1009|2|-10|1
1010|344|0|2
1010|5017|0|1
1011|1627|-10|1
1011|1628|10|2
1012|5018|0|1
1013|401|0|1
1013|424|0|2
1013|475|30|3
1013|476|30|4
1014|401|30|1
1015|5023|0|1
1016|401|-30|1
1016|476|10|2
1018|5035|0|1
1020|1576|-10|1
1021|5034|0|1
1023|405|-2|2
1023|406|-10|1
1023|407|0|5
1023|419|5|3
1023|448|1|4
1023|461|0|6
1023|658|0|7
1024|63|0|6
1024|72|0|7
1024|221|-200|1
1024|230|-10|5
1024|262|30|2
1024|296|-20|3
1024|341|50|4
1026|248|1|4
1026|257|-10|1
1026|259|-10|2
1026|441|1|3
1027|262|2|2
1027|272|7|3
1027|324|-10|1
1027|343|-5|4
1028|233|-1|1
1028|265|1|3
1028|266|-1|2
1028|267|-1|4
1029|318|-600|1
1030|1508|-7|3
1030|1509|-75|2
1030|1510|-75|1
1031|1508|-7|2
1031|1511|-75|1
1032|1508|-7|2
1032|1512|-75|1
1033|84|0|2
1033|429|0|3
1033|430|0|1
1033|436|0|4
1033|5017|0|5
1034|262|-2|4
1034|272|-10|2
1034|302|-10|3
1034|1597|-20|1
1036|241|-1|2
1036|263|-1|3
1036|286|-1|4
1036|292|-10|1
1036|336|1|5
1038|242|-30|1
1039|430|-100|2
1039|467|-100|1
1040|404|10|2
1040|425|10|3
1040|429|-30|4
1040|1022|-30|1
1041|248|1|2
1041|313|-5|1
1043|437|-1|1
1044|437|-1|1
1045|437|-2|1
1046|288|-10|1
1047|410|-5|1
1048|398|1|1
1048|410|1|2
1048|432|-1|3
1048|435|1|4
1049|398|2|1
1049|410|2|2
1049|432|-2|3
1049|435|2|4
1050|485|0|1
1051|398|-1|1
1051|432|1|2
1052|487|0|1
1054|479|0|2
1054|1656|-1000|1
1055|284|-30|1
1056|288|0|1
1057|419|-30|3
1057|429|-30|2
1057|430|10|1
1057|448|-30|4
1058|5017|0|1
1059|5038|0|1
1060|333|0|1
1061|223|-400|1
1061|230|-60|3
1061|262|60|4
1061|273|-40|5
1061|291|60|2
1062|382|10|1
1063|5028|0|1
1065|5012|-10|1
1066|144|-10|1
1066|5012|2|2
1067|270|-10|2
1067|5012|2|1
1068|254|-10|2
1068|5012|2|1
1069|406|10|1
1069|419|-30|2
1069|448|-30|3
1070|1563|-1|1
1071|363|-10|1
1071|416|1|2
1072|363|10|1
1072|416|-15|2
1073|405|-7|2
1073|406|-30|1
1073|419|15|3
1073|448|3|4
1073|461|0|5
1073|658|0|6
1074|5017|0|1
1074|5018|0|2
1074|5023|0|3
1075|59|-10|1
1076|419|-250|2
1076|429|-250|3
1076|430|500|4
1076|448|-1000|1
1077|284|24|2
1077|285|14|3
1077|304|-100|1
1077|318|4|4
1077|455|0|5
1078|430|-500|2
1078|467|-500|1
1079|430|-200|1
1079|436|-50|2
1079|448|100|3
1080|16|-150|1
1081|1520|-30|2
1081|1521|10|1
1082|280|-10|1
1083|406|0|3
1083|407|-10|1
1083|460|1|2
1084|222|10|1
1084|235|-30|2
1084|251|10|3
1084|308|-30|4
1085|222|2|3
1085|235|-1|2
1085|261|1|4
1085|308|-10|1
1087|447|-10|1
1089|447|0|1
1090|405|750|4
1090|429|-1500|1
1090|436|750|3
1090|448|-1500|2
1091|405|50|1
1091|429|-100|2
1091|436|50|4
1091|448|-100|3
1092|223|15|2
1092|241|-15|4
1092|244|45|5
1092|322|-305|1
1092|379|15|3
1094|72|0|8
1094|98|0|4
1094|133|0|9
1094|225|0|1
1094|234|0|2
1094|261|0|3
1094|412|0|5
1094|5018|0|6
1094|5023|0|7
1095|319|0|1
1095|5017|0|2
1095|5018|0|3
1096|78|0|3
1096|98|0|5
1096|232|10|1
1096|235|0|2
1096|274|-30|4
1096|290|-30|6
1096|293|-30|7
1096|312|-30|8
1096|5023|0|9
1097|78|0|2
1097|98|0|6
1097|235|0|1
1097|262|-30|3
1097|280|-30|5
1097|341|-30|7
1097|345|-30|4
1097|5023|0|8
1098|78|0|3
1098|98|0|6
1098|235|0|1
1098|270|1|4
1098|276|-1|5
1098|325|-1|7
1098|326|-10|2
1098|5023|0|8
1099|78|0|2
1099|86|0|9
1099|87|0|10
1099|98|0|6
1099|235|0|1
1099|265|10|3
1099|266|-30|4
1099|267|-30|5
1099|289|-30|7
1099|5023|0|8
1099|5071|0|11
1100|78|0|6
1100|98|0|8
1100|219|-30|3
1100|223|10|2
1100|230|10|4
1100|235|0|5
1100|262|-30|7
1100|291|-30|1
1100|5023|0|9
1101|238|0|1
1101|5017|0|2
1102|331|0|3
1102|415|-5|2
1102|416|1|1
1104|236|-15|1
1104|334|-1|3
1104|370|-1|2
1106|252|-30|1
1107|1501|1|5
1107|1506|-5|2
1107|1507|-1|3
1107|1521|1|4
1107|1570|-10|1
1109|146|0|7
1109|169|0|8
1109|185|0|9
1109|307|0|3
1109|318|-75|1
1109|451|0|2
1109|498|0|6
1109|5017|0|4
1109|5018|0|5
1110|72|0|9
1110|84|0|11
1110|86|0|10
1110|87|0|12
1110|231|0|4
1110|233|0|5
1110|242|0|2
1110|254|0|3
1110|265|0|1
1110|5017|0|6
1110|5018|0|7
1110|5023|0|8
1110|5071|0|13
1114|1543|-1|2
1114|1544|-1|4
1114|1545|-1|3
1114|1546|-1|1
1114|1547|1|5
1115|419|-25|2
1115|429|-25|3
1115|430|50|4
1115|448|-100|1
1116|84|-30|2
1116|419|-30|3
1116|430|10|1
1116|448|-30|4
1118|5041|0|1
1119|231|10|1
1119|265|1|2
1119|266|-1|3
1119|267|-1|4
1120|231|-10|1
1120|265|1|3
1120|266|-1|2
1120|267|-1|4
1121|419|-5|3
1121|429|-5|2
1121|430|10|1
1121|448|-20|4
1122|405|15|1
1122|429|-30|2
1122|436|15|4
1122|448|-30|3
1123|406|5|3
1123|419|-10|1
1123|430|1|4
1123|448|-2|2
1124|419|-12|2
1124|429|-12|3
1124|430|25|4
1124|448|-50|1
1125|406|25|2
1125|419|-50|3
1125|430|5|1
1125|448|-12|4
1126|419|-2|2
1126|429|-2|3
1126|430|5|4
1126|448|-10|1
1127|406|15|3
1127|419|-30|1
1127|430|3|4
1127|448|-7|2
1127|5043|0|5
1128|419|-7|2
1128|429|-7|3
1128|430|15|4
1128|448|-30|1
1129|406|1|2
1129|419|-1|3
1129|430|1|1
1129|448|-1|4
1130|419|-1|3
1130|429|-1|2
1130|430|1|1
1130|448|-1|4
1131|419|-25|3
1131|429|-25|2
1131|430|50|1
1131|448|-100|4
1132|405|25|4
1132|429|-50|1
1132|436|25|3
1132|448|-50|2
1133|430|-8|1
1133|436|-2|2
1133|448|4|3
1133|468|0|4
1134|430|-10|1
1134|436|-2|2
1134|448|5|3
1134|467|0|4
1134|468|0|5
1135|405|-1500|1
1135|406|-1500|2
1135|429|750|3
1136|405|-2|2
1136|406|-10|1
1136|419|5|3
1136|448|1|4
1136|461|0|6
1136|658|0|5
1137|405|-100|1
1137|406|-100|2
1137|429|50|3
1138|430|-1|1
1138|436|-1|2
1138|448|1|3
1139|430|-2|1
1139|436|-1|3
1139|448|1|2
1140|430|-3|1
1140|436|-1|3
1140|448|1|2
1141|405|-30|1
1141|406|-30|2
1141|429|15|3
1142|60|-15|1
1143|353|-650|1
1144|354|-100|1
1146|354|-75|1
1147|354|-50|1
1148|226|3|4
1148|278|-2|2
1148|340|-15|1
1148|341|2|5
1148|362|5|3
1148|1522|60|6
1149|239|41|2
1149|363|-275|1
1150|239|36|1
1150|363|-245|2
1151|236|-100|1
1151|334|-10|3
1151|370|-10|2
1152|236|-50|1
1152|334|-5|3
1152|370|-5|2
1153|229|-5|2
1153|230|-1|4
1153|329|-1|3
1153|330|-1|5
1153|336|-5|1
1154|420|-50|1
1155|415|1|2
1155|416|-3|1
1156|420|-30|1
1157|269|-5|1
1157|272|-1|3
1157|302|-1|2
1157|324|1|4
1158|269|-2|1
1158|272|-1|3
1158|302|-1|2
1158|324|1|4
1159|269|-50|1
1159|272|-7|3
1159|302|-7|2
1159|324|7|4
1160|420|-33|1
1161|420|-25|1
1162|420|-37|1
1163|269|-1000|1
1163|272|-150|3
1163|302|-150|2
1163|324|150|4
1164|420|-34|1
1165|420|-36|1
1166|230|-1|4
1166|329|-1|2
1166|330|-1|5
1166|331|-1|3
1166|332|-5|1
1167|230|-1|4
1167|329|-1|2
1167|330|-1|5
1167|331|-1|3
1167|332|-1|1
1168|230|-1|4
1168|329|-1|2
1168|330|-1|5
1168|331|-1|3
1168|332|-2|1
1169|367|-5|1
1170|304|2|3
1170|329|-10|1
1170|331|-10|5
1170|332|-10|4
1170|336|-7|2
1171|329|-5|3
1171|331|-5|1
1171|332|-5|2
1172|271|-115|1
1172|281|17|2
1172|296|-23|3
1173|304|1|3
1173|329|-5|1
1173|331|-5|5
1173|332|-5|4
1173|336|-3|2
1174|263|2|2
1174|365|-20|1
1174|475|2|3
1175|304|1|3
1175|329|-2|1
1175|331|-2|5
1175|332|-2|4
1175|336|-1|2
1175|364|0|7
1175|373|0|6
1176|304|12|3
1176|329|-50|1
1176|331|-50|5
1176|332|-50|4
1176|336|-37|2
1177|262|-1|3
1177|281|-1|2
1177|284|-10|1
1177|285|1|5
1177|304|1|4
1178|226|-7|3
1178|234|7|5
1178|246|-30|1
1178|279|-7|2
1178|310|-7|4
1179|262|-1|3
1179|281|-1|2
1179|284|-3|1
1179|285|1|5
1179|304|1|4
1180|263|1|2
1180|365|-2|1
1180|475|1|3
1181|230|-1|4
1181|329|-3|2
1181|330|-1|5
1181|331|-3|3
1181|332|-25|1
1181|364|0|8
1181|365|0|7
1181|366|0|10
1181|373|0|6
1181|5017|0|9
1182|229|-5|1
1182|281|-5|2
1182|291|-3|3
1182|336|-5|4
1183|230|-10|4
1183|329|-30|2
1183|330|-10|5
1183|331|-30|3
1183|332|-200|1
1184|329|-10|3
1184|331|-10|1
1184|332|-10|2
1185|220|-250|1
1185|281|-62|2
1185|296|37|3
1185|330|37|4
1186|230|-5|4
1186|329|-15|2
1186|330|-5|5
1186|331|-15|3
1186|332|-105|1
1187|230|-25|4
1187|329|-75|2
1187|330|-25|5
1187|331|-75|3
1187|332|-500|1
1188|229|-3|1
1188|281|-3|2
1188|291|-2|3
1188|336|-2|4
1189|281|-2|3
1189|330|-2|2
1189|346|-10|1
1189|362|-1|4
1190|281|-30|3
1190|330|20|2
1190|362|-200|1
1191|229|-24|1
1191|281|-24|2
1191|291|-18|3
1191|336|-24|4
1192|304|31|3
1192|329|-125|1
1192|331|-125|5
1192|332|-125|4
1192|336|-93|2
1193|304|35|3
1193|329|-140|1
1193|331|-140|5
1193|332|-140|4
1193|336|-105|2
1194|304|46|3
1194|329|-185|1
1194|331|-185|5
1194|332|-185|4
1194|336|-138|2
1195|230|-12|4
1195|329|-38|2
1195|330|-12|5
1195|331|-38|3
1195|332|-257|1
1195|364|0|7
1195|366|0|8
1195|373|0|6
1196|415|-100|1
1196|416|1|2
1197|223|6|5
1197|262|4|3
1197|332|2|4
1197|345|4|2
1197|366|-45|1
1198|223|9|5
1198|262|6|3
1198|332|3|4
1198|345|6|2
1198|366|-65|1
1199|223|3|5
1199|262|2|3
1199|332|1|4
1199|345|2|2
1199|366|-25|1
1200|304|27|3
1200|329|-110|1
1200|331|-110|5
1200|332|-110|4
1200|336|-82|2
1208|72|0|6
1208|88|0|7
1208|223|1|5
1208|262|1|3
1208|332|1|4
1208|345|1|2
1208|366|-3|1
1208|5018|0|8
1218|219|-20|1
1218|262|-20|2
1218|273|20|4
1218|291|-20|5
1218|304|10|3
1220|434|0|1
1220|5017|0|2
1221|430|-100|1
1221|436|-25|2
1221|448|50|3
1222|430|-150|1
1222|436|-37|2
1222|448|75|3
1223|430|-100|1
1223|436|-25|2
1223|448|50|3
1224|447|-25|1
1225|462|-5|1
1225|463|1|3
1225|464|-1|2
1226|462|-25|1
1226|463|2|3
1226|464|-2|2
1227|462|5|3
1227|463|-50|1
1227|464|5|2
1228|462|50|3
1228|463|-500|1
1228|464|50|2
1229|430|-50|2
1229|467|-50|1
1230|468|0|2
1230|472|-50|1
1231|437|0|1
1236|284|1|2
1236|285|1|3
1236|304|-10|1
1236|318|1|4
1237|405|-25|2
1237|406|-100|1
1237|419|50|3
1237|448|10|4
1239|5043|0|1
1240|1508|-100|1
1240|1510|-10|2
1240|1511|-10|3
1240|1512|-10|4
1241|1509|0|2
1241|1510|0|1
1243|388|-100|1
1244|385|-50|1
1245|1582|-10|1
1246|1582|-100|1
1247|1583|-20|1
1248|1508|-1|2
1248|1512|-5|1
1249|1508|-1|2
1249|1512|-10|1
1250|1576|-15|1
1252|1576|-30|1
1253|1576|-50|1
1254|1583|-10|1
1256|234|-20|1
1256|246|3|3
1256|270|-2|4
1256|312|1|2
1256|326|3|5
1257|238|1|4
1257|240|-3|1
1257|255|-1|3
1257|288|-1|2
1258|1484|1|2
1258|1485|1|4
1258|1486|1|3
1258|1487|1|5
1258|1488|-50|1
1258|1542|-5|6
1258|5017|0|7
1261|1490|0|1
1261|1491|0|2
1262|1491|0|2
1262|1492|0|1
1263|1490|0|1
1263|1492|0|2
1267|5054|-10|1
1269|5055|0|1
1269|5057|0|2
1269|5058|0|3
1269|5059|0|4
1270|5055|0|1
1270|5056|0|2
1270|5058|0|3
1270|5059|0|4
1271|5055|0|1
1271|5056|0|2
1271|5057|0|3
1271|5059|0|4
1272|5055|0|2
1272|5056|0|1
1272|5057|0|3
1272|5058|0|4
1273|1543|-1|2
1273|1544|-1|4
1273|1545|-10|1
1273|1546|-1|3
1273|1547|1|5
1274|1543|-1|2
1274|1544|-10|1
1274|1545|-1|4
1274|1546|-1|3
1274|1547|1|5
1275|1543|-10|1
1275|1544|-1|2
1275|1545|-1|3
1275|1546|-1|4
1275|1547|1|5
1276|1543|-1|2
1276|1544|-1|4
1276|1545|-1|3
1276|1546|-10|1
1276|1547|1|5
1277|1548|-1|1
1277|1549|-1|2
1277|1550|-1|3
1277|1551|1|4
1278|1548|-1|2
1278|1549|-5|1
1278|1550|-1|3
1278|1551|1|4
1279|1547|-50|1
1280|1547|-1000|1
1281|1548|-100|1
1281|1549|-10|2
1281|1550|-10|3
1281|1551|10|4
1282|1548|-5|1
1282|1549|-1|2
1282|1550|-1|3
1282|1551|1|4
1283|1543|-100|1
1283|1544|-10|2
1283|1545|-10|3
1283|1546|-10|4
1283|1547|10|5
1284|1543|-10|2
1284|1544|-10|4
1284|1545|-10|3
1284|1546|-100|1
1284|1547|10|5
1285|1543|-10|2
1285|1544|-10|4
1285|1545|-100|1
1285|1546|-10|3
1285|1547|10|5
1286|1543|-10|2
1286|1544|-100|1
1286|1545|-10|4
1286|1546|-10|3
1286|1547|10|5
1287|1548|-10|2
1287|1549|-10|3
1287|1550|-100|1
1287|1551|10|4
1288|1548|-10|2
1288|1549|-100|1
1288|1550|-10|3
1288|1551|10|4
1291|1573|-2|1
1292|1548|-1|2
1292|1549|-2|1
1292|1550|-1|3
1292|1551|1|4
1293|1548|1|3
1293|1549|1|4
1293|1550|1|2
1293|1551|-2|1
1294|1548|-2|1
1294|1549|-1|2
1294|1550|-1|3
1294|1551|1|4
1295|1548|1|3
1295|1549|1|4
1295|1550|1|2
1295|1551|-5|1
1296|1574|-2|1
1297|1548|2|3
1297|1549|2|4
1297|1550|2|2
1297|1551|-25|1
1298|1573|-25|1
1299|1574|-25|1
1300|1548|-25|1
1300|1549|-2|2
1300|1550|-2|3
1300|1551|2|4
1301|1548|-2|2
1301|1549|-25|1
1301|1550|-2|3
1301|1551|2|4
1303|1548|-10|2
1303|1549|-100|1
1303|1550|-10|3
1303|1551|10|4
1304|1548|10|3
1304|1549|10|4
1304|1550|10|2
1304|1551|-100|1
1305|1486|1|4
1305|1487|1|5
1305|1503|1|2
1305|1505|-5|1
1305|1506|1|3
1305|1570|0|6
1306|1501|1|5
1306|1506|-1|2
1306|1507|-1|3
1306|1521|1|4
1306|1570|-2|1
1307|1501|5|5
1307|1506|-25|2
1307|1507|-5|3
1307|1521|5|4
1307|1570|-50|1
1308|1486|80|4
1308|1487|200|5
1308|1503|80|2
1308|1505|-800|1
1308|1506|80|3
1309|1483|5|6
1309|1484|25|7
1309|1485|5|8
1309|1502|-5|2
1309|1503|-50|1
1309|1504|-5|3
1309|1505|5|4
1309|1506|5|5
1309|1541|5|9
1310|1483|1|5
1310|1487|1|6
1310|1499|2|4
1310|1502|-4|1
1310|1503|-1|2
1310|1504|-1|3
1311|1542|-4|2
1311|1605|-4|1
1312|1483|10|4
1312|1484|10|5
1312|1485|25|6
1312|1502|-10|2
1312|1503|-10|3
1312|1504|-100|1
1312|1541|25|7
1313|1502|-1|3
1313|1505|1|2
1313|1538|-2|1
1314|1483|5|5
1314|1487|12|6
1314|1499|25|4
1314|1502|-50|1
1314|1503|-5|2
1314|1504|-5|3
1315|1483|2|5
1315|1487|6|6
1315|1499|12|4
1315|1502|-25|1
1315|1503|-2|2
1315|1504|-2|3
1316|1483|2|5
1316|1487|5|6
1316|1499|10|4
1316|1502|-20|1
1316|1503|-2|2
1316|1504|-2|3
1317|1483|20|2
1317|1486|100|3
1317|1513|0|4
1317|1561|-200|1
1318|1483|20|5
1318|1487|50|6
1318|1499|100|4
1318|1502|-200|1
1318|1503|-20|2
1318|1504|-20|3
1319|1483|40|2
1319|1486|200|3
1319|1561|-400|1
1320|1508|-10|2
1320|1511|-100|1
1321|1483|10|6
1321|1484|50|7
1321|1485|10|8
1321|1502|-10|2
1321|1503|-100|1
1321|1504|-10|3
1321|1505|10|4
1321|1506|10|5
1321|1541|10|9
1323|1486|1|4
1323|1487|1|5
1323|1503|1|2
1323|1505|-4|1
1323|1506|1|3
1324|1503|1|2
1324|1505|1|3
1324|1506|-8|1
1324|1507|-1|4
1325|1503|1|2
1325|1505|1|3
1325|1507|-1|4
1325|1524|5|5
1325|1525|-5|1
1326|1483|1|6
1326|1484|1|7
1326|1485|1|8
1326|1502|-1|2
1326|1503|-2|1
1326|1504|-1|3
1326|1505|1|4
1326|1506|1|5
1326|1541|1|9
1327|1503|4|2
1327|1505|4|3
1327|1506|-40|1
1327|1507|-4|4
1328|1502|-3|2
1328|1504|-3|3
1328|1505|3|4
1328|1506|3|5
1328|1524|-35|1
1329|1508|-5|2
1329|1512|-50|1
1330|1548|-1|2
1330|1549|-1|3
1330|1550|-2|1
1330|1551|1|4
1331|1501|1|5
1331|1506|-1|2
1331|1507|-1|3
1331|1521|1|4
1331|1570|-4|1
1333|1483|10|2
1333|1484|10|3
1333|1485|10|4
1333|1486|10|5
1333|1487|10|6
1333|1488|-10|8
1333|1499|10|7
1333|1527|-100|1
1334|1516|0|1
1335|272|1|3
1335|302|1|4
1335|1597|2|2
1335|1599|-2|1
1336|1603|-50|1
1337|1597|1|2
1337|1601|-2|1
1337|1602|0|3
1337|5062|0|4
1338|1597|10|2
1338|1601|-20|1
1338|1602|0|3
1339|272|10|3
1339|302|10|4
1339|1597|20|2
1339|1599|-20|1
1342|262|-50|4
1342|272|-250|2
1342|302|-250|3
1342|1597|-500|1
1343|1508|-5|1
1343|1510|-1|2
1343|1511|-1|3
1343|1512|-1|4
1344|239|-10|1
1344|245|1|5
1344|275|1|4
1344|278|1|3
1344|303|-1|2
1344|1522|20|6
1346|1535|-2|1
1346|1536|-2|2
1346|1562|-1|3
1347|1535|-50|1
1347|1536|-50|2
1347|1562|-25|3
1348|5028|0|1
1349|1483|-1|4
1349|1485|1|3
1349|1486|1|2
1349|1487|-15|1
1349|1502|3|5
1349|1505|3|6
1350|1483|-1|4
1350|1484|-15|1
1350|1485|1|2
1350|1486|1|3
1350|1503|7|6
1350|1504|1|7
1350|1541|-15|5
1351|1483|-1|4
1351|1484|-20|1
1351|1485|2|2
1351|1486|2|3
1351|1503|10|6
1351|1504|2|7
1351|1541|-20|5
1352|1483|-2000|1
1352|1484|-2000|2
1352|1485|-2000|3
1352|1486|-2000|4
1352|1487|-2000|5
1352|1502|200|6
1352|1503|200|7
1352|1504|200|8
1352|1561|200|9
1353|1483|-1|4
1353|1485|1|2
1353|1486|-5|1
1353|1487|1|3
1353|1505|1|6
1353|1561|2|5
1354|1483|-1|4
1354|1485|2|2
1354|1486|-20|1
1354|1487|2|3
1354|1505|2|6
1354|1561|10|5
1355|1483|-1|4
1355|1484|-25|1
1355|1485|2|2
1355|1486|2|3
1355|1503|12|6
1355|1504|2|7
1355|1541|-25|5
1356|1483|-100|4
1356|1485|200|3
1356|1486|200|2
1356|1487|-2000|1
1356|1502|500|5
1356|1505|500|6
1357|1483|-100|4
1357|1485|200|2
1357|1486|-2000|1
1357|1487|200|3
1357|1505|500|6
1357|1561|500|5
1358|1483|-100|4
1358|1484|200|2
1358|1485|-2000|1
1358|1486|200|3
1358|1503|500|6
1358|1504|500|7
1358|1542|200|5
1359|1483|-100|4
1359|1484|-2000|1
1359|1485|200|2
1359|1486|200|3
1359|1503|500|6
1359|1504|500|7
1359|1541|-2000|5
1360|1483|-2|4
1360|1484|-50|1
1360|1485|5|2
1360|1486|5|3
1360|1503|25|6
1360|1504|5|7
1360|1541|-50|5
1361|1484|-50|2
1361|1485|-50|4
1361|1486|-50|3
1361|1487|-50|5
1361|1499|-500|1
1361|1502|250|6
1362|537|0|7
1362|1484|-4|2
1362|1485|-4|4
1362|1486|-4|3
1362|1487|-4|5
1362|1499|-40|1
1362|1502|20|6
1363|1483|-2|4
1363|1485|5|3
1363|1486|5|2
1363|1487|-50|1
1363|1502|12|5
1363|1505|12|6
1364|1483|-2|4
1364|1485|5|2
1364|1486|-50|1
1364|1487|5|3
1364|1505|5|6
1364|1561|25|5
1366|1483|-1|4
1366|1485|2|2
1366|1486|-25|1
1366|1487|2|3
1366|1505|2|6
1366|1561|12|5
1367|1483|-1|4
1367|1485|1|2
1367|1486|-15|1
1367|1487|1|3
1367|1505|1|6
1367|1561|7|5
1368|1483|-1|4
1368|1484|2|2
1368|1485|-25|1
1368|1486|2|3
1368|1503|2|6
1368|1504|6|7
1368|1542|2|5
1370|1484|-2|2
1370|1485|-2|4
1370|1486|-2|3
1370|1487|-2|5
1370|1499|-20|1
1370|1502|10|6
1371|1483|2|6
1371|1484|10|7
1371|1485|2|8
1371|1502|-2|2
1371|1503|-20|1
1371|1504|-2|3
1371|1505|2|4
1371|1506|2|5
1371|1541|2|9
1372|1484|-5|2
1372|1485|-5|4
1372|1486|-5|3
1372|1487|-5|5
1372|1499|-50|1
1372|1502|25|6
1373|1484|-3|2
1373|1485|-3|4
1373|1486|-3|3
1373|1487|-3|5
1373|1499|-30|1
1373|1502|15|6
1374|1484|-1|2
1374|1485|-1|4
1374|1486|-1|3
1374|1487|-1|5
1374|1499|-2|1
1374|1502|1|6
1376|1501|-1|3
1376|1520|1|2
1376|1521|-3|1
1376|5063|0|4
1379|1501|-1|3
1379|1520|1|2
1379|1521|-5|1
1379|1571|0|4
1380|1568|-10|1
1381|1568|-200|1
1382|1568|-400|1
1384|1516|0|2
1384|1552|-100|1
1385|1535|-100|1
1385|1536|-100|2
1385|1562|-50|3
1386|1535|-50|2
1386|1536|-100|3
1386|1562|-100|1
1387|1501|-1|3
1387|1520|1|2
1387|1521|-10|1
1389|1535|-1000|1
1389|1536|-1000|2
1389|1562|-500|3
1392|225|5|1
1392|365|5|2
1392|475|-50|3
1393|1555|-7|2
1393|1556|-75|1
1394|1552|-10|1
1394|1557|0|2
1396|435|0|1
1398|1647|0|1
1399|285|0|1
1401|1625|0|1
1401|1657|0|2
1403|263|-20|1
1403|286|-3|2
1403|292|-3|4
1403|334|3|5
1403|355|-2|3
1405|1627|-15|1
1405|1628|15|2
1406|1627|-20|1
1406|1628|20|2
1407|1625|-2|2
1407|1626|-10|1
1408|1627|15|2
1408|1628|-15|1
1409|1627|20|2
1409|1628|-20|1
1410|344|0|2
1410|5017|0|1
1411|344|0|1
1412|5029|0|1
1413|225|-1|3
1413|365|-1|2
1413|474|-2|1
1414|279|100|2
1414|284|100|4
1414|285|-1000|1
1414|304|100|5
1414|426|-1000|3
1415|398|1|1
1416|284|24|6
1416|285|50|3
1416|304|-100|1
1416|318|4|5
1416|426|0|4
1416|455|0|2
1417|269|-10|1
1417|272|-1|3
1417|302|-1|2
1417|324|1|4
1419|1660|-1|1
1420|1609|-10|1
1420|1618|-10|2
1421|1609|-15|1
1421|1618|-15|2
1422|249|-22|2
1422|319|-450|1
1426|1643|0|1
1426|1658|0|3
1426|5017|0|2
1427|1655|0|1
1428|649|0|1
1429|686|0|1
1430|479|0|1
1431|1659|-10|1
1432|1660|0|1
1433|1658|0|1
1434|1612|0|1
1435|1609|1|3
1435|1610|-2|1
1435|1611|0|4
1435|1612|0|6
1435|1613|0|5
1435|1614|-2|2
1436|1609|2|3
1436|1610|-10|1
1436|1611|0|4
1436|1612|0|5
1436|1613|0|6
1436|1614|-10|2
1437|1609|2|3
1437|1610|0|6
1437|1611|0|4
1437|1612|0|5
1437|1613|-10|1
1437|1617|-10|2
1438|1609|1|3
1438|1610|0|6
1438|1611|0|4
1438|1612|0|5
1438|1613|-2|1
1438|1617|-2|2
1439|1609|2|3
1439|1610|0|5
1439|1611|0|4
1439|1612|-10|1
1439|1613|0|6
1439|1616|-10|2
1440|1611|-1|1
1440|1615|-1|2
1441|1611|0|1
1442|1610|0|1
1443|1613|0|1
1444|1609|1|3
1444|1613|-5|1
1444|1617|-5|2
1445|1609|1|3
1445|1610|-5|1
1445|1614|-5|2
1447|269|10|3
1447|332|15|2
1447|364|-100|1
1450|1643|0|1
1452|1638|0|1
1452|1639|0|4
1452|1640|0|5
1452|1644|0|3
1452|1645|0|2
1453|1638|0|3
1453|1639|0|4
1453|1640|0|5
1453|1645|0|1
1453|1646|0|2
1454|1638|0|5
1454|1639|0|3
1454|1640|0|4
1454|1644|0|1
1454|1646|0|2
1455|1644|0|2
1455|1645|0|1
1455|1646|0|3
1456|1644|0|1
1456|1645|0|2
1456|1646|0|3
1457|1656|0|1
1457|5017|0|2
1458|1609|30|3
1458|1619|30|2
1458|1621|-150|1
1459|1609|1|3
1459|1619|1|2
1459|1621|-1|1
1460|1609|4|3
1460|1619|4|2
1460|1621|-20|1
1465|1609|2|3
1465|1610|0|4
1465|1611|-10|1
1465|1612|0|6
1465|1613|0|5
1465|1615|-10|2
1466|1609|-50|1
1466|1618|-50|2
1467|687|0|1
1468|1634|0|2
1468|1635|0|1
1470|1633|0|1
1471|1632|0|1
1472|1633|0|1
1473|1633|0|1
1473|5017|0|2
1475|110|0|1
1478|110|0|1
1479|236|-20|1
1479|334|-2|2
1479|370|-2|3
1480|72|0|7
1480|139|0|6
1480|263|-225|1
1480|286|-33|2
1480|292|-33|4
1480|334|33|5
1480|355|-23|3
1481|263|-300|1
1481|286|-45|2
1481|292|-45|4
1481|334|45|5
1481|355|-30|3
1482|430|0|2
1482|436|0|3
1482|472|0|1
1483|65|0|1
1483|326|0|3
1483|5018|0|2
1485|72|0|3
1485|84|0|6
1485|86|0|2
1485|110|0|1
1485|306|0|4
1485|5018|0|5
1486|110|0|1
1487|86|0|1
1488|270|-20|1
1488|311|1|3
1488|326|3|2
1488|1522|40|4
1489|243|-10|1
1489|263|-7|3
1489|286|-7|2
1490|160|-10|1
1492|74|0|1
1492|86|0|2
1492|5071|0|3
1493|262|3|2
1493|272|3|4
1493|291|3|5
1493|306|-60|1
1493|309|3|3
1493|321|0|6
1494|84|0|1
1495|86|0|2
1495|141|0|1
1496|141|0|1
1497|87|0|1
1498|88|0|1
1498|5072|0|2
1499|133|0|1
1500|1154|0|1
1501|99|0|1
1502|139|0|1
1503|139|0|1
1503|5072|0|2
1504|97|0|1
1504|687|0|2
1505|228|-2|2
1505|232|-15|1
1505|261|2|3
1506|68|0|1
1506|205|0|12
1506|211|0|3
1506|223|0|5
1506|230|0|8
1506|236|0|13
1506|238|0|2
1506|261|0|4
1506|262|0|9
1506|345|0|6
1506|366|0|7
1506|423|0|10
1506|5018|0|11
1507|157|0|1
1508|251|-6|1
1509|251|-7|1
1510|251|10|1
1511|161|0|1
1512|312|1|2
1512|412|-10|1
1515|687|0|1
1516|126|0|1
1517|137|0|1
1518|179|0|1
1519|92|0|1
1519|5044|0|2
1520|394|-20|1
1521|368|-3|1
1522|286|-5|2
1522|292|-7|3
1522|324|7|4
1522|355|-50|1
1523|72|0|7
1523|223|1|5
1523|262|1|3
1523|332|1|4
1523|345|1|2
1523|366|-3|1
1523|5018|0|6
1524|383|0|1
1525|321|0|2
1526|321|0|2
1526|423|-50|1
1527|120|0|1
1527|306|0|2
1527|423|0|3
1528|262|3|2
1528|306|-3|3
1528|321|-25|1
1528|345|3|4
1529|262|1|2
1529|306|-1|3
1529|321|-10|1
1529|345|1|4
1530|262|1|2
1530|272|1|3
1530|324|-2|1
1530|343|-1|4
1531|255|2|3
1531|312|2|2
1531|326|2|4
1531|398|-50|1
1532|423|-25|1
1534|5069|0|1
1535|255|0|4
1535|312|0|2
1535|326|0|3
1535|398|0|1
1536|462|0|1
1541|132|0|1
1542|132|0|1
1544|138|-5|1
1545|124|0|1
1546|1630|0|1
1547|110|0|1
1551|316|20|1
1552|406|0|1
1553|406|0|1
1554|248|-75|1
1554|252|0|8
1554|257|0|9
1554|259|0|10
1554|283|0|6
1554|312|-56|3
1554|313|3|5
1554|326|-56|2
1554|426|0|7
1554|441|3|4
1556|5015|0|1
1558|103|-10|1
1559|72|0|1
1559|84|0|4
1559|86|0|5
1559|87|0|8
1559|119|0|2
1559|230|0|7
1559|262|0|6
1559|291|0|9
1559|306|0|3
1559|311|0|13
1559|312|0|12
1559|320|0|10
1559|341|0|11
1559|345|0|14
1560|138|-10|1
1561|237|-100|1
1561|251|15|3
1561|308|-25|2
1565|5028|0|1
1566|299|-2|1
1568|201|-5|1
1579|5003|-10|1
1580|279|75|3
1580|284|75|4
1580|285|-300|1
1580|304|15|5
1580|426|-300|2
1581|1574|-100|1
1583|374|-15|1
1584|374|-2|1
1585|415|-10|1
1585|416|1|2
1586|265|0|1
1587|225|0|7
1587|263|2|3
1587|281|2|2
1587|346|3|5
1587|361|2|4
1587|375|-20|1
1587|378|0|6
1588|284|2|2
1588|285|1|4
1588|304|-10|1
1588|315|1|3
1588|321|0|6
1588|329|1|5
1589|248|0|1
1590|462|1|3
1590|463|-5|1
1590|464|1|2
1591|5017|0|1
1592|299|-10|1
1593|246|-1|2
1593|276|-2|1
1593|326|-1|3
1594|238|3|4
1594|255|-15|1
1594|288|-3|2
1594|333|-3|3
1594|1604|1|5
1595|72|0|8
1595|88|0|10
1595|126|0|11
1595|157|0|9
1595|306|0|5
1595|311|-1|4
1595|319|0|6
1595|320|-10|1
1595|327|-2|2
1595|328|-2|3
1595|5018|0|7
1595|5071|0|12
1596|236|-1|2
1596|270|-1|3
1596|326|1|5
1596|334|-10|1
1596|370|-2|4
1597|318|-1|1
1597|5017|0|2
1598|441|1|3
1598|443|1|2
1598|446|-5|1
1600|225|1|3
1600|365|1|2
1600|475|-15|1
1601|225|-9|1
1601|263|1|3
1601|312|1|4
1601|355|1|2
1601|475|1|5
1602|441|-1|2
1602|443|-5|1
1604|345|0|2
1604|5017|0|1
1607|5028|0|1
1615|693|0|1
