level|eq_hp|mana|avgdmg|attackdelay|mr|cr|dr|fr|pr|ac|walkspeed|runspeed|wow_basehp_unitclass1|wow_basehp_unitclass2
1|16|33|2.5|30|25|25|15|25|15|5|0.5|1.25|42|41
2|32|66|3.5|30|25|25|15|25|15|8|0.5|1.25|55|54
3|50|99|4.5|30|25|25|15|25|15|9|0.5|1.25|71|69
4|80|132|5.5|30|25|25|15|25|15|12|0.5|1.25|86|83
5|110|165|6.5|30|25|25|15|25|15|15|0.5|1.25|102|98
6|140|198|7.5|30|25|25|15|25|15|18|0.5|1.25|120|115
7|170|231|8.5|30|25|25|15|25|15|21|0.5|1.25|137|131
8|190|264|9.5|30|25|25|15|25|15|24|0.5|1.25|156|148
9|220|297|10.5|30|25|25|15|25|15|27|0.5|1.25|176|166
10|240|330|11.5|30|25|25|15|25|15|30|0.5|1.25|198|186
11|280|363|12.5|30|25|25|25|25|25|33|0.5|1.25|222|208
12|290|396|13.5|30|25|25|25|25|25|36|0.5|1.25|247|230
13|360|429|14.5|30|25|25|25|25|25|39|0.5|1.25|273|253
14|390|462|16|30|25|25|25|25|25|42|0.5|1.25|300|276
15|410|495|17|30|25|25|25|25|25|46|0.5|1.25|328|301
16|435|528|18|30|25|25|25|25|25|50|0.5|1.25|356|325
17|502|561|19|30|25|25|25|25|25|54|0.5|1.25|386|350
18|550|594|20|30|25|25|25|25|25|58|0.5|1.25|417|377
19|590|627|21|30|25|25|25|25|25|62|0.5|1.25|449|404
20|610|660|22|30|25|25|25|25|25|67|0.5|1.25|484|433
21|650|693|23|30|25|25|25|25|25|71|0.5|1.25|521|464
22|710|726|24|30|25|25|25|25|25|75|0.5|1.25|562|498
23|770|759|25|30|25|25|25|25|25|79|0.5|1.25|605|533
24|790|792|26.5|30|25|25|25|25|25|83|0.5|1.25|651|571
25|810|825|27.5|30|35|35|25|35|25|87|0.5|1.25|699|610
26|910|858|29.5|30|35|35|25|35|25|91|0.5|1.25|750|651
27|970|891|30.5|30|35|35|25|35|25|95|0.5|1.25|800|690
28|1064|924|35.5|30|35|35|25|35|25|99|0.5|1.25|853|732
29|1131|957|36|30|35|35|25|35|25|103|0.5|1.25|905|773
30|1150|990|38|30|35|35|25|35|25|108|0.5|1.25|955|811
31|1271|1023|39.5|30|35|35|25|35|25|112|0.5|1.25|1006|850
32|1446|1056|41.5|30|35|35|25|35|25|116|0.5|1.25|1057|888
33|1635|1089|42|30|35|35|25|35|25|120|0.5|1.25|1110|928
34|1655|1122|43|30|35|35|25|35|25|124|0.5|1.25|1163|967
35|1675|1155|44|30|35|35|25|35|25|128|0.5|1.25|1220|1009
36|2454|1188|48|27|35|35|25|35|25|132|0.5|1.25|1277|1050
37|2500|1221|50.5|27|35|35|25|35|25|136|0.5|1.25|1336|1093
38|3210|1254|52|25|75|50|25|35|25|140|0.5|1.25|1395|1135
39|3340|1287|56|25|35|35|25|35|25|144|0.5|1.25|1459|1180
40|4000|1320|63|24|35|35|25|35|25|149|0.5|1.25|1524|1226
41|4659|1353|65|24|35|35|25|35|25|153|0.5|1.25|1585|1268
42|5226|1386|67|24|35|35|25|35|25|157|0.5|1.25|1651|1321
43|5246|1419|69|24|35|35|25|35|25|161|0.5|1.25|1716|1373
44|5855|1452|71.5|23|35|35|26|35|26|165|0.5|1.25|1782|1426
45|6500|1485|73.5|22|35|35|25|35|25|169|0.5|1.25|1848|1478
46|7200|1518|75.5|22|35|35|25|35|25|173|0.5|1.25|1919|1535
47|7200|1974|77.5|22|50|35|25.5|35|26|177|0.5|1.25|1990|1592
48|8080|2016|79.5|21|35|35|25|35|25|181|0.5|1.25|2062|1650
49|8815|2058|81.5|21|50|35|25|35|25|185|0.5|1.25|2138|1710
50|9980|2100|83.5|20|35|35|25|35|25|190|0.5|1.25|2215|1772
51|10411|2142|85.5|20|35|35|25|35|25|194|0.5|1.25|2292|1834
52|11440|2184|88.5|20|50|50|40|35|40|198|0.5|1.25|2371|1897
53|12385|2226|92|19|85|100|35|35|35|200|0.5|1.25|2453|1962
54|13330|2268|93|19|85|100|53|50|55|200|0.5|1.25|2533|2026
55|13750|2310|94|18|35|35|25|35|25|200|0.5|1.25|2614|2091
56|15000|2352|104|18|40|35|25|35|25|200|0.5|1.25|2699|2159
57|16585|2394|110|18|95|377.5|47.5|35|47.5|200|0.5|1.25|2784|2227
58|19000|2436|116|17|70|95|35|35|35|200|0.5|1.25|2871|2297
59|19000|2478|119|17|167.5|92.5|35|77.5|35|200|0.5|1.25|2961|2369
60|19000|2520|120|17|36|35|25|35|25|200|0.5|1.25|3052|2442
61|19000|2562|120|17|440|440|440|440|440|200|0.5|1.25|3144|2515
62|19000|2604|120|17|185|90|100|100|85|200|0.5|1.25|3237|2590
63|19000|2730|120|17|185|190|80|67.5|80|300|0.5|1.25|3331|2665
64|19000|2730|120|17|185|190|80|67.5|80|300|0.5|1.25|3427|2740
65|19000|2730|120|17|185|190|80|67.5|80|300|0.5|1.25|3524|2819
66|19000|2730|120|17|185|190|80|67.5|80|300|0.5|1.25|3624|2899
67|19000|2730|120|17|185|190|80|67.5|80|300|0.5|1.25|3728|2982
68|19000|2730|120|17|185|190|80|67.5|80|300|0.5|1.25|3834|3067
69|19000|2730|120|17|185|190|80|67.5|80|300|0.5|1.25|3942|3153
70|19000|2730|120|17|185|190|80|67.5|80|300|0.5|1.25|4050|3240
71|19000|2730|120|17|185|190|80|67.5|80|300|0.5|1.25|4163|3330
72|19000|2730|120|17|185|190|80|67.5|80|300|0.5|1.25|4278|3422
73|19000|2730|120|17|185|190|80|67.5|80|300|0.5|1.25|4399|3519
74|19000|2730|120|17|185|190|80|67.5|80|300|0.5|1.25|4524|3619
75|19000|2730|120|17|185|190|80|67.5|80|300|0.5|1.25|4652|3722
76|19000|2730|120|17|185|190|80|67.5|80|300|0.5|1.25|4781|3825
77|19000|2730|120|17|185|190|80|67.5|80|300|0.5|1.25|4916|3933
78|19000|2730|120|17|185|190|80|67.5|80|300|0.5|1.25|5052|4042
79|19000|2730|120|17|185|190|80|67.5|80|300|0.5|1.25|5194|4155
80|19000|2730|120|17|185|190|80|67.5|80|300|0.5|1.25|5342|4274
81|19000|2730|120|17|185|190|80|67.5|80|300|0.5|1.25|5492|4394
82|19000|2730|120|17|185|190|80|67.5|80|300|0.5|1.25|5647|4518
83|19000|2730|120|17|185|190|80|67.5|80|300|0.5|1.25|5808|4646
