zone_shortname|creature_name|menu_text|option_id|option_text|Type|ReactionValue|PositionX|PositionY|PositionZ|Heading|AddedX|AddedY|DelayMS
airplane|Abec_Ianor|Great, let us waste no more time! Do you wish to begin your test of conception, visualization, or preparation?|1|I am finished for now.  Let Wizard Schrock return.|say|Very well,  $N.  Farewell.|||||||
airplane|Abec_Ianor|Great, let us waste no more time! Do you wish to begin your test of conception, visualization, or preparation?|1|I am finished for now.  Let Wizard Schrock return.|despawn|self|||||||
airplane|Alan_Harten|Greetings faithful. Your faith shall be tested this day.  Shall you take the test of courage, skill, or protection?|1|I am finished for now.  Let Josin Faithbringer return.|say|Very well,  $N.  Farewell.|||||||
airplane|Alan_Harten|Greetings faithful. Your faith shall be tested this day.  Shall you take the test of courage, skill, or protection?|1|I am finished for now.  Let Josin Faithbringer return.|despawn|self|||||||
airplane|Cilin_Spellsinger|Greetings  $N.  Do you feel that you are ready to be tested in song?|1|Summon Clarisa Spiritsong|spawnunique|71081|1388.9|660.7|-769.999939|192.6|||
airplane|Cilin_Spellsinger|Greetings  $N.  Do you feel that you are ready to be tested in song?|2|Summon Denise Songweaver|spawnunique|71082|1368.4|660.7|-769.999939|192.6|||
airplane|Cilin_Spellsinger|Greetings  $N.  Do you feel that you are ready to be tested in song?|1|Summon Clarisa Spiritsong|say|Farewell.|||||||
airplane|Cilin_Spellsinger|Greetings  $N.  Do you feel that you are ready to be tested in song?|1|Summon Clarisa Spiritsong|despawn|self|||||||
airplane|Cilin_Spellsinger|Greetings  $N.  Do you feel that you are ready to be tested in song?|2|Summon Denise Songweaver|say|Farewell.|||||||
airplane|Cilin_Spellsinger|Greetings  $N.  Do you feel that you are ready to be tested in song?|2|Summon Denise Songweaver|despawn|self|||||||
airplane|Clarisa_Spiritsong|Hi there  $N! I give three sections of the test of songs, Denise does the rest. Do you wish to take the test of pitch, voice, or tone?|1|I am finished for now.  Let Cilin Spellsinger return.|say|Very well,  $N.  Farewell.|||||||
airplane|Clarisa_Spiritsong|Hi there  $N! I give three sections of the test of songs, Denise does the rest. Do you wish to take the test of pitch, voice, or tone?|1|I am finished for now.  Let Cilin Spellsinger return.|despawn|self|||||||
airplane|Dason_Goldblade|Greetings,  $N.  Are you pure of heart and soul?|1|Summon Gregori Lightbringer|spawnunique|71089|1331.1|563|-769.999939|63.4|||
airplane|Dason_Goldblade|Greetings,  $N.  Are you pure of heart and soul?|2|Summon Dirkog Steelhand|spawnunique|71077|1331.1|563|-769.999939|63.4|||
airplane|Dason_Goldblade|Greetings,  $N.  Are you pure of heart and soul?|1|Summon Gregori Lightbringer|say|Farewell.|||||||
airplane|Dason_Goldblade|Greetings,  $N.  Are you pure of heart and soul?|1|Summon Gregori Lightbringer|despawn|self|||||||
airplane|Dason_Goldblade|Greetings,  $N.  Are you pure of heart and soul?|2|Summon Dirkog Steelhand|say|Farewell.|||||||
airplane|Dason_Goldblade|Greetings,  $N.  Are you pure of heart and soul?|2|Summon Dirkog Steelhand|despawn|self|||||||
airplane|Denise_Songweaver|Hail and well met  $N! I give the second half of the test of songs. If you are ready, choose between the tests of brass, wind, and harmony.|1|I am finished for now.  Let Cilin Spellsinger return.|say|Very well,  $N.  Farewell.|||||||
airplane|Denise_Songweaver|Hail and well met  $N! I give the second half of the test of songs. If you are ready, choose between the tests of brass, wind, and harmony.|1|I am finished for now.  Let Cilin Spellsinger return.|despawn|self|||||||
airplane|Deric_Lennox|Greetings there lad. Come seekin glory then have ya? Alrighty then, glorious ye shall be. Take me tests here, and I will show ya the light there. Take ye the Test of Resolution, of Theurgy, or the Weak?|1|I am finished for now.  Let Josin Faithbringer return.|say|Very well,  $N.  Farewell.|||||||
airplane|Deric_Lennox|Greetings there lad. Come seekin glory then have ya? Alrighty then, glorious ye shall be. Take me tests here, and I will show ya the light there. Take ye the Test of Resolution, of Theurgy, or the Weak?|1|I am finished for now.  Let Josin Faithbringer return.|despawn|self|||||||
airplane|Dirkog_Steelhand|Leave me be, ye orc kissin' son o' Innoruuk!|1|I am finished for now.  Let Dason Goldblade return.|say|Very well,  $N.  Farewell.|||||||
airplane|Dirkog_Steelhand|Leave me be, ye orc kissin' son o' Innoruuk!|1|I am finished for now.  Let Dason Goldblade return.|despawn|self|||||||
airplane|Drakis_Bloodcaster|Greetings, $R. Are you ready to begin?|1|Summon Jzil GSix|spawnunique|71074|1305|654.9|-769.999939|22|||
airplane|Drakis_Bloodcaster|Greetings, $R. Are you ready to begin?|2|Summon Dugaas Helpyre|spawnunique|71084|1305|661.6|-769.999939|22|||
airplane|Drakis_Bloodcaster|Greetings, $R. Are you ready to begin?|1|Summon Jzil GSix|say|Farewell.|||||||
airplane|Drakis_Bloodcaster|Greetings, $R. Are you ready to begin?|1|Summon Jzil GSix|despawn|self|||||||
airplane|Drakis_Bloodcaster|Greetings, $R. Are you ready to begin?|2|Summon Dugaas Helpyre|say|Farewell.|||||||
airplane|Drakis_Bloodcaster|Greetings, $R. Are you ready to begin?|2|Summon Dugaas Helpyre|despawn|self|||||||
airplane|Dugaas_Helpyre|So, you dare be seen in my precense. Truly a brave fool you are. You come seeking fame and glory here do you? Well fool, perhaps you will get what you seek. Shall you take the test of the Heart, the Hands, or the Finger?|1|I am finished for now.  Let Drakis Bloodcaster return.|say|Very well,  $N.  Farewell.|||||||
airplane|Dugaas_Helpyre|So, you dare be seen in my precense. Truly a brave fool you are. You come seeking fame and glory here do you? Well fool, perhaps you will get what you seek. Shall you take the test of the Heart, the Hands, or the Finger?|1|I am finished for now.  Let Drakis Bloodcaster return.|despawn|self|||||||
airplane|Enchanter_Jolas|Greetings,  $N.  Have you come here to test your powers of enchantment?|1|Summon Enderbite|spawnunique|71085|1303.2|640|-769.999939|0.4|||
airplane|Enchanter_Jolas|Greetings,  $N.  Have you come here to test your powers of enchantment?|2|Summon Lelulean|spawnunique|71104|1303.2|640|-769.999939|0.4|||
airplane|Enchanter_Jolas|Greetings,  $N.  Have you come here to test your powers of enchantment?|1|Summon Enderbite|say|Till next time!  Farewell!|||||||
airplane|Enchanter_Jolas|Greetings,  $N.  Have you come here to test your powers of enchantment?|1|Summon Enderbite|despawn|self|||||||
airplane|Enchanter_Jolas|Greetings,  $N.  Have you come here to test your powers of enchantment?|2|Summon Lelulean|say|Till next time!  Farewell!|||||||
airplane|Enchanter_Jolas|Greetings,  $N.  Have you come here to test your powers of enchantment?|2|Summon Lelulean|despawn|self|||||||
airplane|Enderbite|Great, let us waste no more time! I have three tests from which you can choose from. They are Disillusion, Memorization, and Incapacitation.|1|I am finished for now.  Let Enchanter Jolas return.|say|Very well,  $N.  Farewell.|||||||
airplane|Enderbite|Great, let us waste no more time! I have three tests from which you can choose from. They are Disillusion, Memorization, and Incapacitation.|1|I am finished for now.  Let Enchanter Jolas return.|despawn|self|||||||
airplane|Falorn|Do not waste my time,  $N.  Do you wish to take the test of blades or not? Or do you have one of my old trinkets you wish to trade in?|1|I am finished for now.  Let Torgon Blademaster return.|say|Very well,  $N.  Farewell.|||||||
airplane|Falorn|Do not waste my time,  $N.  Do you wish to take the test of blades or not? Or do you have one of my old trinkets you wish to trade in?|1|I am finished for now.  Let Torgon Blademaster return.|despawn|self|||||||
airplane|Fenalla_Moonshadow|We are children of the trees, friends and protectors of nature. We are brothers and sisters to the wolves and bears. The call of the Great Pine has filled your heart and led you here to be tested.|1|I am finished for now.  Let Strandar Pinemist return.|say|Very well,  $N.  Farewell.|||||||
airplane|Fenalla_Moonshadow|We are children of the trees, friends and protectors of nature. We are brothers and sisters to the wolves and bears. The call of the Great Pine has filled your heart and led you here to be tested.|1|I am finished for now.  Let Strandar Pinemist return.|despawn|self|||||||
airplane|Frederic_Calermin|Great, let us waste no more time! I offer to you three challenges. Clarification, Empowerment, and Shielding. Please choose one of these.|1|I am finished for now.  Let Magus Frinon return.|say|Very well,  $N.  Farewell.|||||||
airplane|Frederic_Calermin|Great, let us waste no more time! I offer to you three challenges. Clarification, Empowerment, and Shielding. Please choose one of these.|1|I am finished for now.  Let Magus Frinon return.|despawn|self|||||||
airplane|Gina_McStargan|Greetings,  $N. I will test you in the tests of might, health, and sight. Which will it be?|1|I am finished for now.  Let Medicine Man Veetra return.|say|Very well,  $N.  Farewell.|||||||
airplane|Gina_McStargan|Greetings,  $N. I will test you in the tests of might, health, and sight. Which will it be?|1|I am finished for now.  Let Medicine Man Veetra return.|despawn|self|||||||
airplane|Gordon_Treecaller|Hello  $N, I can only hope that my disturbance was necessary. Ahh, you seem to be decently adept with a blade. Would you like to be tested in the element of thunder, the blade, or the art of ranged attack?|1|I am finished for now.  Let Ranger Spirit return.|say|Very well,  $N.  Farewell.|||||||
airplane|Gordon_Treecaller|Hello  $N, I can only hope that my disturbance was necessary. Ahh, you seem to be decently adept with a blade. Would you like to be tested in the element of thunder, the blade, or the art of ranged attack?|1|I am finished for now.  Let Ranger Spirit return.|despawn|self|||||||
airplane|Gorgalosk|Greetings,  $N. This is my domain and I hope you have a peaceful stay. That is, unless the [lunatic sent you].|1|The lunatic sent me.|say|Oh, I see. I suppose you [want these cursed markers] that lunatic made me hold?|||||||
airplane|Gorgalosk|Greetings,  $N. This is my domain and I hope you have a peaceful stay. That is, unless the [lunatic sent you].|2|I want these cursed markers.|say|I am afraid that I can not just give them away. The lunatic had them cursed. They make me do [strange things]|||||||
airplane|Gorgalosk|Greetings,  $N. This is my domain and I hope you have a peaceful stay. That is, unless the [lunatic sent you].|3|What strange things?|say|Like ATTACK you!|||||||
airplane|Gorgalosk|Greetings,  $N. This is my domain and I hope you have a peaceful stay. That is, unless the [lunatic sent you].|3|What strange things?|attackplayer||||||||
airplane|Gragrot|Hail! So you think you are a mighty Knight of Shadows? We must test these skills. Are you ready to begin the test?|1|I am finished for now.  Let Sarkis Ebonblade return.|say|Very well,  $N.  Farewell.|||||||
airplane|Gragrot|Hail! So you think you are a mighty Knight of Shadows? We must test these skills. Are you ready to begin the test?|1|I am finished for now.  Let Sarkis Ebonblade return.|despawn|self|||||||
airplane|Gregori_Lightbringer|Hail and well met! You have traveled far indeed to cross my path. I will be testing you in compassion, sacrifice, and love. Are you ready for the test of the heart,  $N?|1|I am finished for now.  Let Dason Goldblade return.|say|Very well,  $N.  Farewell.|||||||
airplane|Gregori_Lightbringer|Hail and well met! You have traveled far indeed to cross my path. I will be testing you in compassion, sacrifice, and love. Are you ready for the test of the heart,  $N?|1|I am finished for now.  Let Dason Goldblade return.|despawn|self|||||||
airplane|Gwan|Greetings, $N.|1|Hail, Gwan.|emote|ignores you.|||||||
airplane|Gwan|Greetings, $N.|2|I am prepared.|attackplayer||||||||
airplane|Holwin|Peace to you,  $N.  I see that you have come far along the path of tranquility and enlightenment.  Do you wish to test yourself further, and perhaps complete the path you started on so long ago?|1|Summon Wu the Enlightened|spawnunique|71097|1332.3|660|-769.999939|189.9|||
airplane|Holwin|Peace to you,  $N.  I see that you have come far along the path of tranquility and enlightenment.  Do you wish to test yourself further, and perhaps complete the path you started on so long ago?|2|Summon Ton Po|spawnunique|71096|1315|660|-769.999939|189.9|||
airplane|Holwin|Peace to you,  $N.  I see that you have come far along the path of tranquility and enlightenment.  Do you wish to test yourself further, and perhaps complete the path you started on so long ago?|1|Summon Wu the Enlightened|say|Farewell.|||||||
airplane|Holwin|Peace to you,  $N.  I see that you have come far along the path of tranquility and enlightenment.  Do you wish to test yourself further, and perhaps complete the path you started on so long ago?|1|Summon Wu the Enlightened|despawn|self|||||||
airplane|Holwin|Peace to you,  $N.  I see that you have come far along the path of tranquility and enlightenment.  Do you wish to test yourself further, and perhaps complete the path you started on so long ago?|2|Summon Ton Po|say|Farewell.|||||||
airplane|Holwin|Peace to you,  $N.  I see that you have come far along the path of tranquility and enlightenment.  Do you wish to test yourself further, and perhaps complete the path you started on so long ago?|2|Summon Ton Po|despawn|self|||||||
airplane|Josin_Faithbringer|Greetings,  $N.  Are you ready to begin your test of faith?|1|Summon Alan Harten|spawnunique|71080|1361.6|660.7|-769.999939|193.2|||
airplane|Josin_Faithbringer|Greetings,  $N.  Are you ready to begin your test of faith?|2|Summon Deric Lennox|spawnunique|71083|1338|660.7|-769.999939|193.2|||
airplane|Josin_Faithbringer|Greetings,  $N.  Are you ready to begin your test of faith?|1|Summon Alan Harten|say|Farewell.|||||||
airplane|Josin_Faithbringer|Greetings,  $N.  Are you ready to begin your test of faith?|1|Summon Alan Harten|despawn|self|||||||
airplane|Josin_Faithbringer|Greetings,  $N.  Are you ready to begin your test of faith?|2|Summon Deric Lennox|say|Farewell.|||||||
airplane|Josin_Faithbringer|Greetings,  $N.  Are you ready to begin your test of faith?|2|Summon Deric Lennox|despawn|self|||||||
airplane|Jzil_GSix|Ah, so you have come to be tested. Many fine things can be your reward. There are three tests which I can administer. Shall you take the test of flight, power, or mind?|1|I am finished for now.  Let Drakis Bloodcaster return.|say|Very well,  $N.  Farewell.|||||||
airplane|Jzil_GSix|Ah, so you have come to be tested. Many fine things can be your reward. There are three tests which I can administer. Shall you take the test of flight, power, or mind?|1|I am finished for now.  Let Drakis Bloodcaster return.|despawn|self|||||||
airplane|Kendrick|Great, let us waste no more time! Do you wish to begin your test of Thievery, Silence, or Trickery?|1|I am finished for now.  Let Thalik Silenthand return.|say|Very well,  $N.  Farewell.|||||||
airplane|Kendrick|Great, let us waste no more time! Do you wish to begin your test of Thievery, Silence, or Trickery?|1|I am finished for now.  Let Thalik Silenthand return.|despawn|self|||||||
airplane|Kihun_Solstin|So, you have made it this far. I am Kihun Solstin, the Master of Wind. I control the unfettered Element like none other. As you should have learned, Air is the most potent of Elements. It fuels Fire, Water is comprised of it, and Earth cannot restrain it. Knowing this, do you seek the Element of Wind?|1|I want to see the master.|spawnunique|71040|1346.3|604.5|-769.999817|0|||
airplane|Lelulean|Great, let us waste no more time! I have three tests from which you can choose from. They are Illusion, Metamorphism, and Deception.|1|I am finished for now.  Let Enchanter Jolas return.|say|Very well,  $N.  Farewell.|||||||
airplane|Lelulean|Great, let us waste no more time! I have three tests from which you can choose from. They are Illusion, Metamorphism, and Deception.|1|I am finished for now.  Let Enchanter Jolas return.|despawn|self|||||||
airplane|Magus_Frinon|Greetings,  $N.  Have you come here to test your abilities as a magician?|1|Summon Frederic Calermin|spawnunique|71088|1304.1|614.5|-769.999939|255|||
airplane|Magus_Frinon|Greetings,  $N.  Have you come here to test your abilities as a magician?|2|Summon Roanis Elindar|spawnunique|71094|1304.1|614.5|-769.999939|255|||
airplane|Magus_Frinon|Greetings,  $N.  Have you come here to test your abilities as a magician?|1|Summon Frederic Calermin|say|Till next time!  Farewell!|||||||
airplane|Magus_Frinon|Greetings,  $N.  Have you come here to test your abilities as a magician?|1|Summon Frederic Calermin|despawn|self|||||||
airplane|Magus_Frinon|Greetings,  $N.  Have you come here to test your abilities as a magician?|2|Summon Roanis Elindar|say|Till next time!  Farewell!|||||||
airplane|Magus_Frinon|Greetings,  $N.  Have you come here to test your abilities as a magician?|2|Summon Roanis Elindar|despawn|self|||||||
airplane|Medicine_Man_Veetra|Good day to you,  $N. Are you a shaman of [much experience]?|1|Summon Gina McStargan|spawnunique|71087|1401.9|631.9|-769.999939|129.8|||
airplane|Medicine_Man_Veetra|Good day to you,  $N. Are you a shaman of [much experience]?|2|Summon Ooga|spawnunique|71093|1399|653.4|-769.999939|129.8|||
airplane|Medicine_Man_Veetra|Good day to you,  $N. Are you a shaman of [much experience]?|1|Summon Gina McStargan|say|I am no longer needed and will take my leave.|||||||
airplane|Medicine_Man_Veetra|Good day to you,  $N. Are you a shaman of [much experience]?|1|Summon Gina McStargan|despawn|self|||||||
airplane|Medicine_Man_Veetra|Good day to you,  $N. Are you a shaman of [much experience]?|2|Summon Ooga|say|I am no longer needed and will take my leave.|||||||
airplane|Medicine_Man_Veetra|Good day to you,  $N. Are you a shaman of [much experience]?|2|Summon Ooga|despawn|self|||||||
airplane|Neasin_Leornic|Great, let us waste no more time! Do you wish to begin your test of concentration, focus, or meditation?|1|I am finished for now.  Let Wizard Schrock return.|say|Very well,  $N.  Farewell.|||||||
airplane|Neasin_Leornic|Great, let us waste no more time! Do you wish to begin your test of concentration, focus, or meditation?|1|I am finished for now.  Let Wizard Schrock return.|despawn|self|||||||
airplane|Ogog|Ogog not smart, but Ogog smarter than you.  You ready for Ogog or no?|1|I am finished for now.  Let Torgon Blademaster return.|say|Very well,  $N.  Farewell.|||||||
airplane|Ogog|Ogog not smart, but Ogog smarter than you.  You ready for Ogog or no?|1|I am finished for now.  Let Torgon Blademaster return.|despawn|self|||||||
airplane|Ooga|Euh? You come see Ooga about shaman tests? Me can test in shrink, the snake, or witch doctor! What yuz want to test in?|1|I am finished for now.  Let Medicine Man Veetra return.|say|Very well,  $N.  Farewell.|||||||
airplane|Ooga|Euh? You come see Ooga about shaman tests? Me can test in shrink, the snake, or witch doctor! What yuz want to test in?|1|I am finished for now.  Let Medicine Man Veetra return.|despawn|self|||||||
airplane|Overseer_of_Air|So you have awakened me!! It seems my brother was not much of a challenge. Before we get on to business, there are some matters that must be addressed. But enough talk, let's address these matters first.|1|What matters must be addressed?|say|The matter at hand is where you are to go after this. I believe that crazy halfling will be showing up. But if by chance he oversleeps, there is some information you should have.|||||||
airplane|Overseer_of_Air|So you have awakened me!! It seems my brother was not much of a challenge. Before we get on to business, there are some matters that must be addressed. But enough talk, let's address these matters first.|2|What information?|say|You have come to my home. This is also home to the soul carriers and essence harvesters. On the mortal plane, they are still natural enemies, but have learned to live together and are now peaceful creatures here in the Plane of Sky. Be forewarned that as you proceed about your tour, each gate you must reach and pass through will become substantially harder.|||||||
airplane|Overseer_of_Air|So you have awakened me!! It seems my brother was not much of a challenge. Before we get on to business, there are some matters that must be addressed. But enough talk, let's address these matters first.|3|Tell me of the challenge.|say|The challenge in which you defeated him - are you going to offer me that same challenge?|||||||
airplane|Overseer_of_Air|So you have awakened me!! It seems my brother was not much of a challenge. Before we get on to business, there are some matters that must be addressed. But enough talk, let's address these matters first.|4|Let us get on to business.|say|What business?!?!  I'll show you some business!|||||||
airplane|Overseer_of_Air|So you have awakened me!! It seems my brother was not much of a challenge. Before we get on to business, there are some matters that must be addressed. But enough talk, let's address these matters first.|4|Let us get on to business.|attackplayer||||||||
airplane|Ranger_Spirit|Greetings,  $N. Are you a true servant of the Pine?|1|Summon Relinin Skyrunner|spawnunique|71095|1399.5|617.1|-769.999939|129.4|||
airplane|Ranger_Spirit|Greetings,  $N. Are you a true servant of the Pine?|2|Summon Gordon Treecaller|spawnunique|71090|1400.1|592.8|-769.999939|129.4|||
airplane|Ranger_Spirit|Greetings,  $N. Are you a true servant of the Pine?|1|Summon Relinin Skyrunner|say|Relinin Skyrunner, I summon thee.|||||||
airplane|Ranger_Spirit|Greetings,  $N. Are you a true servant of the Pine?|1|Summon Relinin Skyrunner|despawn|self|||||||
airplane|Ranger_Spirit|Greetings,  $N. Are you a true servant of the Pine?|2|Summon Gordon Treecaller|say|Gordon Treecaller, I summon thee.|||||||
airplane|Ranger_Spirit|Greetings,  $N. Are you a true servant of the Pine?|2|Summon Gordon Treecaller|despawn|self|||||||
airplane|Rayne|Great, let us waste no more time! Do you wish to begin your test of Deception, Stealth, or Cunning?|1|I am finished for now.  Let Thalik Silenthand return.|say|Very well,  $N.  Farewell.|||||||
airplane|Rayne|Great, let us waste no more time! Do you wish to begin your test of Deception, Stealth, or Cunning?|1|I am finished for now.  Let Thalik Silenthand return.|despawn|self|||||||
airplane|Relinin_Skyrunner|Greetings  $N. I can only assume my reasons for being summoned is that you wish to take the tests. Would you like to be tested in the body, in defense, or in the element of earth?|1|I am finished for now.  Let Ranger Spirit return.|say|Very well,  $N.  Farewell.|||||||
airplane|Relinin_Skyrunner|Greetings  $N. I can only assume my reasons for being summoned is that you wish to take the tests. Would you like to be tested in the body, in defense, or in the element of earth?|1|I am finished for now.  Let Ranger Spirit return.|despawn|self|||||||
airplane|Roanis_Elindar|Great, let us waste no more time!  I offer to you four challenges.  Summoning, interpretation, gesticulation, and displacement.  Please choose one of these.|1|I am finished for now.  Let Magus Frinon return.|say|Very well,  $N.  Farewell.|||||||
airplane|Roanis_Elindar|Great, let us waste no more time!  I offer to you four challenges.  Summoning, interpretation, gesticulation, and displacement.  Please choose one of these.|1|I am finished for now.  Let Magus Frinon return.|despawn|self|||||||
airplane|Sarkis_Ebonblade|Greetings.  $N.  Have you come here to test your dark powers of skill and spell casting?|1|Summon Gragrot|spawnunique|71063|1351.9|563.3|-769.999939|63.4|||
airplane|Sarkis_Ebonblade|Greetings.  $N.  Have you come here to test your dark powers of skill and spell casting?|2|Summon Tynicon DLin|spawnunique|71098|1351.9|563.3|-769.999939|63.4|||
airplane|Sarkis_Ebonblade|Greetings.  $N.  Have you come here to test your dark powers of skill and spell casting?|1|Summon Gragrot|say|Farewell.|||||||
airplane|Sarkis_Ebonblade|Greetings.  $N.  Have you come here to test your dark powers of skill and spell casting?|1|Summon Gragrot|despawn|self|||||||
airplane|Sarkis_Ebonblade|Greetings.  $N.  Have you come here to test your dark powers of skill and spell casting?|2|Summon Tynicon DLin|say|Till next time!  Farewell!|||||||
airplane|Sarkis_Ebonblade|Greetings.  $N.  Have you come here to test your dark powers of skill and spell casting?|2|Summon Tynicon DLin|despawn|self|||||||
airplane|Sirran_the_Lunatic|Ehem! What? Oh, hello there! Sirran be my name. Yes? So, come to the Plane of Sky, have you? Killed all my fairies! Hah! So! Do you wish to know how to traverse this plane? Or should I just go away? I know much about this plane. You would do well to listen!|1|What can you do?|say|I can tell you how to get from island to island, so, nyah!  I can also tell you about the Veil. Hold on to everything you find up here.  It may come in handy.|||||||
airplane|Sirran_the_Lunatic|Ehem! What? Oh, hello there! Sirran be my name. Yes? So, come to the Plane of Sky, have you? Killed all my fairies! Hah! So! Do you wish to know how to traverse this plane? Or should I just go away? I know much about this plane. You would do well to listen!|2|Tell me about this plane.|say|Ahah! Wise you are and tell you I will. Hrm? Don't have wings, do you? Fairies have swords! Fairies stole my lucky feet! Hand me them, one by one, and be in for a treat! Haha!|||||||
airplane|Sirran_the_Lunatic|Ehem! What? Oh, hello there! Sirran be my name. Yes? So, come to the Plane of Sky, have you? Killed all my fairies! Hah! So! Do you wish to know how to traverse this plane? Or should I just go away? I know much about this plane. You would do well to listen!|3|Tell me about the Veil.|say|The veil is dissolving!  Centuries ago, when Veeshan brought me to this place, she sealed the plane with the Veil.  By you being here, it is evidence that the Veil is lifting.|||||||
airplane|Sirran_the_Lunatic|Ehem! What? Oh, hello there! Sirran be my name. Yes? So, come to the Plane of Sky, have you? Killed all my fairies! Hah! So! Do you wish to know how to traverse this plane? Or should I just go away? I know much about this plane. You would do well to listen!|4|Citanul eht Narris, liah.|say|Lortap llaw taerg eht fo lahsram, Narris lahsram ma I. Flesym ecudortni ot em wolla. Sgniteerg|||||||
airplane|Sirran_the_Lunatic|Ehem! What? Oh, hello there! Sirran be my name. Yes? So, come to the Plane of Sky, have you? Killed all my fairies! Hah! So! Do you wish to know how to traverse this plane? Or should I just go away? I know much about this plane. You would do well to listen!|5|Llaw eht htiw eno I ma.|say|Kcul doog! Ouy rof ydaer si erips eht fo retsis eht won, sdik boj doog.|||||||
airplane|Sirran_the_Lunatic|Ehem! What? Oh, hello there! Sirran be my name. Yes? So, come to the Plane of Sky, have you? Killed all my fairies! Hah! So! Do you wish to know how to traverse this plane? Or should I just go away? I know much about this plane. You would do well to listen!|5|Llaw eht htiw eno I ma.|spawnunique|71076|-1035|-929|1088.812622|64|||
airplane|Strandar_Pinemist|Greetings, young one. Are you a [child of the trees]?|1|Summon Will Treewalker|spawnunique|71099|1311.4|563|-769.999939|65.4|||
airplane|Strandar_Pinemist|Greetings, young one. Are you a [child of the trees]?|2|Summon Fenalla Moonshadow|spawnunique|71086|1329.3|562.5|-769.999939|65.4|||
airplane|Strandar_Pinemist|Greetings, young one. Are you a [child of the trees]?|1|Summon Will Treewalker|say|Welcome, Will Treewalker.|||||||
airplane|Strandar_Pinemist|Greetings, young one. Are you a [child of the trees]?|1|Summon Will Treewalker|despawn|self|||||||
airplane|Strandar_Pinemist|Greetings, young one. Are you a [child of the trees]?|2|Summon Fenalla Moonshadow|say|Welcome, Fenalla Moonshadow.|||||||
airplane|Strandar_Pinemist|Greetings, young one. Are you a [child of the trees]?|2|Summon Fenalla Moonshadow|despawn|self|||||||
airplane|Thalik_Silenthand|Greetings,  $N.  Do you believe you are a great rogue?|1|Summon Rayne|spawnunique|71061|1372.6|563.3|-769.999939|63.4|||
airplane|Thalik_Silenthand|Greetings,  $N.  Do you believe you are a great rogue?|2|Summon Kendrick|spawnunique|71068|1372.6|563.3|-769.999939|63.4|||
airplane|Thalik_Silenthand|Greetings,  $N.  Do you believe you are a great rogue?|1|Summon Rayne|say|Farewell.|||||||
airplane|Thalik_Silenthand|Greetings,  $N.  Do you believe you are a great rogue?|1|Summon Rayne|despawn|self|||||||
airplane|Thalik_Silenthand|Greetings,  $N.  Do you believe you are a great rogue?|2|Summon Kendrick|say|Farewell.|||||||
airplane|Thalik_Silenthand|Greetings,  $N.  Do you believe you are a great rogue?|2|Summon Kendrick|despawn|self|||||||
airplane|Ton_Po|So, I have been called upon to test you, and test you I shall. I will give you the option of choosing your test though enlightened one. Shall you take the test of Strength, Sight, or Speed?|1|I am finished for now.  Let Holwin return.|say|Very well,  $N.  Farewell.|||||||
airplane|Ton_Po|So, I have been called upon to test you, and test you I shall. I will give you the option of choosing your test though enlightened one. Shall you take the test of Strength, Sight, or Speed?|1|I am finished for now.  Let Holwin return.|despawn|self|||||||
airplane|Torgon_Blademaster|Greetings,  $N. Are you a [true warrior]?|1|Summon Falorn|spawnunique|71067|1392.4|563.3|-769.999939|63.4|||
airplane|Torgon_Blademaster|Greetings,  $N. Are you a [true warrior]?|2|Summon Ogog|spawnunique|71064|1392.4|563.3|-769.999939|63.4|||
airplane|Torgon_Blademaster|Greetings,  $N. Are you a [true warrior]?|1|Summon Falorn|say|Falorn, come forth!|||||||
airplane|Torgon_Blademaster|Greetings,  $N. Are you a [true warrior]?|1|Summon Falorn|despawn|self|||||||
airplane|Torgon_Blademaster|Greetings,  $N. Are you a [true warrior]?|2|Summon Ogog|say|Farewell.|||||||
airplane|Torgon_Blademaster|Greetings,  $N. Are you a [true warrior]?|2|Summon Ogog|despawn|self|||||||
airplane|Tynicon_DLin|Great, let us waste no more time! I offer to you four challenges. Disempowement, Envenoming, Raising of the Dead, or Necropotence. Choose one to be tested on.|1|I am finished for now.  Let Sarkis Ebonblade return.|say|Very well,  $N.  Farewell.|||||||
airplane|Tynicon_DLin|Great, let us waste no more time! I offer to you four challenges. Disempowement, Envenoming, Raising of the Dead, or Necropotence. Choose one to be tested on.|1|I am finished for now.  Let Sarkis Ebonblade return.|despawn|self|||||||
airplane|Will_Treewalker|Children of the trees, friend and protector of nature. We are brothers and sisters to the wolves and bears. The call of the Great Pine has filled your soul and you have found your way here to be tested. Are you ready to be tested?|1|I am finished for now.  Let Strandar Pinemist return.|say|Very well,  $N.  Farewell.|||||||
airplane|Will_Treewalker|Children of the trees, friend and protector of nature. We are brothers and sisters to the wolves and bears. The call of the Great Pine has filled your soul and you have found your way here to be tested. Are you ready to be tested?|1|I am finished for now.  Let Strandar Pinemist return.|despawn|self|||||||
airplane|Wizard_Schrock|Greetings,  $N. Do you believe that you are a [great Wizard]?|1|Summon Neasin Leornic|spawnunique|71092|1304.3|585|-769.999939|0.1|||
airplane|Wizard_Schrock|Greetings,  $N. Do you believe that you are a [great Wizard]?|2|Summon Abec Ianor|spawnunique|71079|1304.3|585|-769.999939|0.1|||
airplane|Wizard_Schrock|Greetings,  $N. Do you believe that you are a [great Wizard]?|1|Summon Neasin Leornic|say|Till next time!  Farewell!|||||||
airplane|Wizard_Schrock|Greetings,  $N. Do you believe that you are a [great Wizard]?|1|Summon Neasin Leornic|despawn|self|||||||
airplane|Wizard_Schrock|Greetings,  $N. Do you believe that you are a [great Wizard]?|2|Summon Abec Ianor|say|Till next time!  Farewell!|||||||
airplane|Wizard_Schrock|Greetings,  $N. Do you believe that you are a [great Wizard]?|2|Summon Abec Ianor|despawn|self|||||||
airplane|Wu_the_Enlightened|Greetings Warrior of mind and body. To prove your worth to me, you must complete a test. Which test do you wish to take? I will permit you to take the test of Tears, Fists, or Tranquility.|1|I am finished for now.  Let Holwin return.|say|Very well,  $N.  Farewell.|||||||
airplane|Wu_the_Enlightened|Greetings Warrior of mind and body. To prove your worth to me, you must complete a test. Which test do you wish to take? I will permit you to take the test of Tears, Fists, or Tranquility.|1|I am finished for now.  Let Holwin return.|despawn|self|||||||
cabeast|Lord_Qyzar|Greetings, $N.|1|What is this matter of betrayal?|say|One of our agents, a hero by the name of Goxnok, has found evidence that the book entitled 'Charasis' has been taken from this temple and is to be delivered to an unknown foe in the Outlands. Go at once to the lower levels of the temple and greet Goxnok. Hurry, before he departs!|||||||
cabeast|Lord_Qyzar|Greetings, $N.|1|What is this matter of betrayal?|spawnunique|106301|1000|-113|-27.99773|30|||
cazicthule|Gimlik_Cogboggle|Well met, noble soul!  I'm Gimlik Cogboggle. You are correct, the Gimlik Cogboggle, renowned adventurer, scholar, and yes... creator of spells.  Please don't goggle or touch.  Your opportunity has arrived, my friend.  I was sent here to complete a very important task and for that, I will need some slight assistance.  If you will be kind enough to follow me, I'll show you to your doom... err... get this show on the road.  Just let me know when you're ready.|1|I am ready.|despawn|self|||||||
cazicthule|Gimlik_Cogboggle|Well met, noble soul!  I'm Gimlik Cogboggle. You are correct, the Gimlik Cogboggle, renowned adventurer, scholar, and yes... creator of spells.  Please don't goggle or touch.  Your opportunity has arrived, my friend.  I was sent here to complete a very important task and for that, I will need some slight assistance.  If you will be kind enough to follow me, I'll show you to your doom... err... get this show on the road.  Just let me know when you're ready.|1|I am ready.|spawn|48402|npcX|npcY|npcZ|npcHeading|||
ecommons|Altunic_Jartin|Greetings, traveler! Have you need of provisions or perhaps other wares? I sell what I find upon the battlegrounds of the Commonlands.|1|Where is your house?|say|Follow me.|||||||
ecommons|Altunic_Jartin|Greetings, traveler! Have you need of provisions or perhaps other wares? I sell what I find upon the battlegrounds of the Commonlands.|1|Where is your house?|spawnunique|22196|-105.49|4707.63|-55.218731|0|||
erudnint|Toresian_Fhabel|Welcome. my friend! We are the Craftkeepers. We study the circle of magic called enchantment. What circle do you [study]?|1|I study enchantment.|say|Then I welcome you into our circle. It is good to see new blood.|||||||
erudnint|Toresian_Fhabel|Welcome. my friend! We are the Craftkeepers. We study the circle of magic called enchantment. What circle do you [study]?|1|I study enchantment.|spawnunique|23078|683|575|-15.99997|78|||
felwithea|Inkeeper_Freegraze|Welcome to the Traveler's Home, owned and operated by the House of Freegaze... err, I mean Freegraze, established in the year 2855. We gladly open our doors to any weary traveler. What can I do for you?|1|I am looking for Tolon Nurbyte.|say|So you are inquiring about Mister Tolon Nurbyte, eh? He is on the second floor, last door on the right. You two had best not be up to any mischief. The pair of you look a little shifty for the kingdom of Felwithe.|||||||
felwithea|Inkeeper_Freegraze|Welcome to the Traveler's Home, owned and operated by the House of Freegaze... err, I mean Freegraze, established in the year 2855. We gladly open our doors to any weary traveler. What can I do for you?|1|I am looking for Tolon Nurbyte.|spawnunique|61095|155|-343|14|8|||
firiona|#Sir_Hobble|Greetings, $N.|1|Hail, Sir Hobble.|emote|holds a cracked monocle up to his squinty eye. 'I say!! A talking bear!! Squire Fuzzmin, come and take a gander at this rare find. The wonders never cease in the land of Kunark!!'|||||||
firiona|#Sir_Hobble|Greetings, $N.|1|Hail, Sir Hobble.|spawnunique|84007|-3028|2884|-80.906052|128|||
firiona|Lenka_Stoutheart|Greetings, $N.|1|Tell me about Cabby Pale Ale.|spawnunique|84005|-1305|-3148|252.250198|0|||180000
freportn|a_greater_spirit|Greetings, shaman. Tell me, do you follow [Justice], [War], [Honor], [Fear], or [Hate]?|1|I follow Fear.|say|You would be best served by speaking to my brother in the next room,  $N.|||||||
freportn|a_greater_spirit|Greetings, shaman. Tell me, do you follow [Justice], [War], [Honor], [Fear], or [Hate]?|2|I follow War.|say|You would be best served by speaking to my brother in the next room,  $N.|||||||
freportn|a_greater_spirit|Greetings, shaman. Tell me, do you follow [Justice], [War], [Honor], [Fear], or [Hate]?|3|I follow Hate.|say|You would be best served by speaking to my brother in the next room,  $N.|||||||
freportn|a_greater_spirit|Greetings, shaman. Tell me, do you follow [Justice], [War], [Honor], [Fear], or [Hate]?|1|I follow Fear.|spawnunique|8118|103|67|28|508|||
freportn|a_greater_spirit|Greetings, shaman. Tell me, do you follow [Justice], [War], [Honor], [Fear], or [Hate]?|2|I follow War.|spawnunique|8118|103|67|28|508|||
freportn|a_greater_spirit|Greetings, shaman. Tell me, do you follow [Justice], [War], [Honor], [Fear], or [Hate]?|3|I follow Hate.|spawnunique|8118|103|67|28|508|||
freportn|Bondl_Felligan|Greetings, $N.|1|You can buy booze.|emote|suddenly becomes completely sober and says, 'Very well, shaman, please come with me.'|||||||
freportn|Bondl_Felligan|Greetings, $N.|1|You can buy booze.|spawnunique|8117|66|62|28|254|||
grobb|Basher_Avisk|Ranjor tell shaddernites to gets rids of spore guardian.  Ha!  Gud.|1|Where is the minstrel?|say|Dere stewpid skeleton singing by Basher Ganbaku. His post be up high.|||||||
grobb|Basher_Avisk|Ranjor tell shaddernites to gets rids of spore guardian.  Ha!  Gud.|1|Where is the minstrel?|spawnunique|52126|194|-107|43.399639|64|||
grobb|Basher_Nanrum|Peh! What am you wanted?! I am Basher Nanrum. You?  $N ? Heh, you look for works? Hmm, me tinks you too weakling for [job] me need done. Hmm.. You might do, mebbe.|1|Have you seen a skeleton?|say|Yeah! Me see dat bone man. He over by da Cleaver. He tink he a butcher or sumting!|||||||
grobb|Basher_Nanrum|Peh! What am you wanted?! I am Basher Nanrum. You?  $N ? Heh, you look for works? Hmm, me tinks you too weakling for [job] me need done. Hmm.. You might do, mebbe.|1|Have you seen a skeleton?|spawnunique|52125|361|-466|6|41|||
grobb|Urako|Me says hi to you.  What you want from me?  Oh!!  Me shaman trainer.  You must be shaman.  Are you [shaman Darkone]?|1|I will collect the Kaglari skeletons.|say|Tank you!!  Dere is fours of dem.  You can finds dem here in Grobb.  I no tink dey will want to come homes to Kaglari's closet.  You ask dem to come back to the closet and see whut dey say.  If you gets dem back me promise to gives you a Kaglari mana doll.|||||||
grobb|Urako|Me says hi to you.  What you want from me?  Oh!!  Me shaman trainer.  You must be shaman.  Are you [shaman Darkone]?|1|I will collect the Kaglari skeletons.|spawnunique|52056|156|-265|4|258|||
highkeep|Rodrick_Marslett|Oooh.. Hello, [guard]. Please do not let the [Teir'Dal] at me again. I can take no more.|1|I am searching for Fenn.|say|Are you searching for the rogue named Fenn Kaedrick? He used to be locked in here with me. That Lady McCabe bailed him out just minutes before the Teir'Dal planned to operate on him. He said that if I ever did escape, to venture to the very roof of this keep and wait till he showed up to escort me away from here.|||||||
highkeep|Rodrick_Marslett|Oooh.. Hello, [guard]. Please do not let the [Teir'Dal] at me again. I can take no more.|1|I am searching for Fenn.|spawnunique|6184|-24.55|-89.59|61.968761|66|||
highpass|Anson_McBale|Beat it,  $N,  unless you have something for me.|1|I need to see Stanos.|say|This better be important.|||||||
highpass|Anson_McBale|Beat it,  $N,  unless you have something for me.|1|I need to see Stanos.|spawnunique|5088|10|336|41.968781|225|||
innothule|Basher_Sklama|Me hear dat dere are humans, elves and other weaklings hunting in da swamp.|1|Tell me about the captain.|say|You speak of da skeleton.  He belong to Kaglari.  He in dis swamp on little island.|||||||
innothule|Basher_Sklama|Me hear dat dere are humans, elves and other weaklings hunting in da swamp.|1|Tell me about the captain.|spawnunique|52125|-1757|216|-23.890169|131|||
kaladimb|Jark|Greetings, $N.|1|I will fetch your dinner.|say|Har, I know you were a good sort. Nella has it. She's out there somewhere in the lower areas. She likes to visit the temple, so maybe she's there. Just tell 'er Jark sent ya and she'll prolly have everythin' ready fer me.|||||||
kaladimb|Jark|Greetings, $N.|1|I will fetch your dinner.|spawnunique|67090|708.9|178.5|0|194.2|||
kithicor|Grim_Oakfist|It is good to finally meet one who respects the disciplines of the Ashen Order.  All I have met are rangers.  They have interfered with my mission in the woods.|1|Tell me of your mission in the woods.|say|I have come here to avenge my family.  One season past, they were attacked by a trio of deadly tigers.  I came here to hunt the beasts down, but then I found the local rangers and residents here protect the tigers.  They seem to be legends in these parts.  The tigers even have name's!!  They call them Eenot, Reggit and Kobb.  I wish I had help from a fellow monk.|||||||
kithicor|Grim_Oakfist|It is good to finally meet one who respects the disciplines of the Ashen Order.  All I have met are rangers.  They have interfered with my mission in the woods.|2|I am a fellow monk.|say|Good!! The rangers are watching me so you must go alone.  I can only wait until the morning, then I must go.  If you find all three tigers, return their pelts to me and I shall reward you with something discovered for monks only.|||||||
kithicor|Grim_Oakfist|It is good to finally meet one who respects the disciplines of the Ashen Order.  All I have met are rangers.  They have interfered with my mission in the woods.|2|I am a fellow monk.|spawnunique|20276|-137|898|104.894852|0|||
kithicor|Grim_Oakfist|It is good to finally meet one who respects the disciplines of the Ashen Order.  All I have met are rangers.  They have interfered with my mission in the woods.|2|I am a fellow monk.|spawnunique|20277|-547|783|138.934753|0|||
kithicor|Grim_Oakfist|It is good to finally meet one who respects the disciplines of the Ashen Order.  All I have met are rangers.  They have interfered with my mission in the woods.|2|I am a fellow monk.|spawnunique|20000|-58|876|95.61734|0|||
lavastorm|a_fire_sprite|Greetings, $N.|1|I wish to challenge Eejag.|despawn|self|||||||
lavastorm|a_fire_sprite|Greetings, $N.|1|I wish to challenge Eejag.|spawnunique|27119|1037|298|-60|0|||
misty|Bronin_Higginsbot|Hello. It is dangerous out in the woods. You should go to Rivervale. It's at the end of the path. You will find good times there. Travel safely, my friend!|1|I will do you a small favor.|say|I have been tracked here by a bounty hunter named Slaythe. I have heard reports of his presence beyond the Great Wall. Please seek him out and bring me some body part of his as proof of his passing. Do this and the emerald shard is yours.|||||||
misty|Bronin_Higginsbot|Hello. It is dangerous out in the woods. You should go to Rivervale. It's at the end of the path. You will find good times there. Travel safely, my friend!|1|I will do you a small favor.|spawnunique|33146|664|893|-38.488468|0|||
oggok|Marda|Welcome to intelligence, young  $N! Did you think all ogres were inept? Ha!! I hope you show the glimmer. We shamans need more within our ranks. Our race needs to evolve!! So, are you one of the smart ogres or have I spoken too many syllables?|1|Tell me about the secret mission.|say|I have heard of your advancements. You are a fine addition to Oggok. I require your skill in handling a delicate matter. I want you to run out to the Bouncer's keep near the entrance to Oggok. There, you shall find a froglok named Glib. He will pose no threat to you. He has come on business and I have promised him protection. Tell him the Greenblood shaman sent you. He shall fill you in. Go at once.|||||||
oggok|Marda|Welcome to intelligence, young  $N! Did you think all ogres were inept? Ha!! I hope you show the glimmer. We shamans need more within our ranks. Our race needs to evolve!! So, are you one of the smart ogres or have I spoken too many syllables?|1|Tell me about the secret mission.|spawnunique|49127|-205.3|383|62.96875|0|||
oot|Styria_Fearnon|Welcome to my island. I always welcome visitors, but I would prefer that your stay not last too long. My warriors are sometimes tempted by others. That is why they all wear purity belts. I should warn you, also, to be on the lookout for the [Pirates of Gunthak].|1|What of Sentry Xyrin?|say|What? Why are you so concerned for Sentry Xyrin? She returned to Freeport last night right before.. Oh!! Oh, dear!! Right before the storm hit. If she did not make it back to Freeport. I fear she has drowned or is shipwrecked upon one of the nearby islands!! You must find her!|||||||
oot|Styria_Fearnon|Welcome to my island. I always welcome visitors, but I would prefer that your stay not last too long. My warriors are sometimes tempted by others. That is why they all wear purity belts. I should warn you, also, to be on the lookout for the [Pirates of Gunthak].|1|What of Sentry Xyrin?|spawnunique|69132|-612|-7332.0005|-2.4419|90|||
qcat|#Guard_Helminth|Who are you and what are you doing here? This place is not safe. You are to leave here immediately! You do not belong here!|1|I am ready to complete the mission.|despawn|self|||||||
qcat|#Guard_Helminth|Who are you and what are you doing here? This place is not safe. You are to leave here immediately! You do not belong here!|1|I am ready to complete the mission.|spawnunique|45006|npcX|npcY|npcZ|npcHeading|||
qcat|#Guard_Helminth|Who are you and what are you doing here? This place is not safe. You are to leave here immediately! You do not belong here!|1|I am ready to complete the mission.|spawnunique|45007|410|-49|-41.968731|128|||
qcat|#Guard_Helminth|Who are you and what are you doing here? This place is not safe. You are to leave here immediately! You do not belong here!|1|I am ready to complete the mission.|spawnunique|45008|330|-49|-41.968719|0|||
southkarana|a_hermit|Huh!? Leave now before my pets devour you!|1|I wish to join the Unkempt Druids.|say|Then please wait outside for Master Jale Phlintoes. He will be arriving soon.|||||||
southkarana|a_hermit|Huh!? Leave now before my pets devour you!|1|I wish to join the Unkempt Druids.|spawnunique|14172|-5561|-3723|-3.78083|0|||
steamfont|Ennixy_Frennor|Unless you have something to tell me about yourself that I could possibly be interested in, be gone!|1|Hate be my guide.|say|So you work for Szorn eh? It's about time he sent someone to check up on me! The Koada'Dal in possession of the crate is on his way here right now to cut a deal with me. I have been trying to send word to Szorn for several days to send support as I do not plan on allowing the elf to leave these mountains alive. You have arrived just in time. Kill the elf and the crate is yours!|||||||
steamfont|Ennixy_Frennor|Unless you have something to tell me about yourself that I could possibly be interested in, be gone!|1|Hate be my guide.|spawnunique|56150|1385|-836|-111.906212|128|||30000
thurgadina|#Loremaster_Sarl|Ahhh, hello there. What can I do for you,  $N|1|The dragon was black.|say|Excellent, I know what we're lookin fer now.|||||||
thurgadina|#Loremaster_Sarl|Ahhh, hello there. What can I do for you,  $N|1|The dragon was black.|despawn|self|||||||
thurgadina|#Loremaster_Sarl|Ahhh, hello there. What can I do for you,  $N|1|The dragon was black.|spawn|115000|npcX|npcY|npcZ|npcHeading|||
tox|Ilanics_skeleton|I am no more.|1|Where is the scroll?|say|Kobold! Kobold!|||||||
tox|Ilanics_skeleton|I am no more.|1|Where is the scroll?|despawn|self|||||||
tox|Ilanics_skeleton|I am no more.|1|Where is the scroll?|spawnunique|38172|npcX|npcY|npcZ|npcHeading|||
