ZoneShortName|AreaName|Shape|NorthX|WestY|TopZ|SouthX|EastY|BottomZ|OctagonNorthWestY|OctagonNorthEastY|OctagonSouthWestY|OctagonSouthEastY|OctagonWestNorthX|OctagonWestSouthX|OctagonEastNorthX|OctagonEastSouthX
akanon|Entry|box|257.14276|118.38916|1000|-131.2157|-96.8175|-1000|0|0|0|0|0|0|0|0
akanon|Command|box|840.92285|-97.08869|1000|713.6623|-224.23415|-1000|0|0|0|0|0|0|0|0
akanon|Supply Area|box|1082.225|231.19482|1000|470.7628|-420.29724|-1000|0|0|0|0|0|0|0|0
akanon|Supply Area|box|799.7559|231.19482|1000|785.96954|-381.86227|-1000|0|0|0|0|0|0|0|0
akanon|Supply Area|box|806.28735|-415.004|1000|668.9253|-447.22653|-1000|0|0|0|0|0|0|0|0
akanon|Barracks|box|858.1169|-422.3222|1000|818.958|-483.52432|-1000|0|0|0|0|0|0|0|0
akanon|Barracks|box|1005.3457|-438.83698|1000|816.7492|-507.05692|-1000|0|0|0|0|0|0|0|0
akanon|Market|box|1394.0732|-625.99994|1000|1127.4159|-837.51654|-28.32795|0|0|0|0|0|0|0|0
akanon|Library Mechanamagica|box|1149.2144|-928.6447|1000|1002.0336|-1066.3624|-1000|0|0|0|0|0|0|0|0
akanon|Abbey of Deep Musing|box|1260.5806|-492.0487|1000|1159.1403|-624.0951|-1000|0|0|0|0|0|0|0|0
akanon|Abbey of Deep Musing|box|1163.0144|-498.96243|1000|1144.7484|-605.6728|-1000|0|0|0|0|0|0|0|0
akanon|Abbey of Deep Musing|box|1252.235|-483.4736|1000|1165.4598|-497.91635|-1000|0|0|0|0|0|0|0|0
akanon|Abbey of Deep Musing|box|1272.9966|-505.81348|1000|1250.0051|-619.2861|-1000|0|0|0|0|0|0|0|0
akanon|The Falls|box|1722.8075|-91.6519|1000|1223.0652|-608.3321|-1000|0|0|0|0|0|0|0|0
akanon|Lower Tunnels|box|2110.1362|-366.7874|-160.269|2016.3136|-436.0652|-1000|0|0|0|0|0|0|0|0
akanon|Lower Tunnels|box|2263.3943|-344.19028|-160.269|2079.037|-653.4874|-1000|0|0|0|0|0|0|0|0
akanon|Lower Tunnels|box|2261.4856|-419.6549|-160.269|1961.6122|-647.9206|-1000|0|0|0|0|0|0|0|0
akanon|The Turbine|box|2036.5293|-170.34525|1000|1718.0035|-462.47424|-156.96924|0|0|0|0|0|0|0|0
akanon|The Turbine|box|2097.1802|-162.1355|-16.54888|1947.5673|-444.58075|-1000|0|0|0|0|0|0|0|0
akanon|Zoo|box|1375.4375|-726.7071|-28.45076|1228.0631|-839.66|-300|0|0|0|0|0|0|0|0
befallen|Entry|box|54.48179|55.85786|37.37025|-124.49625|-144.03554|-5.20437|0|0|0|0|0|0|0|0
befallen|Entry|box|26.55769|11.07747|20.21593|-203.251|-90.46778|-4.58855|0|0|0|0|0|0|0|0
befallen|Well|box|-262.98947|98.99645|7.50151|-346.58453|69.68477|-16.75871|0|0|0|0|0|0|0|0
befallen|Well|box|-337.6898|116.70753|7.6547|-406.6659|54.44737|-15.36078|0|0|0|0|0|0|0|0
befallen|Well|box|-346.76083|116.17974|-50.43466|-411.0302|49.69505|-76.35945|0|0|0|0|0|0|0|0
befallen|Bottom South|box|-785.88794|193.53844|-28.17258|-1011.79767|-113.52892|-76.7081|0|0|0|0|0|0|0|0
befallen|Bottom South|box|-791.87195|-177.9106|-28.17258|-1011.79767|-248.48524|-76.7081|0|0|0|0|0|0|0|0
befallen|Bottom South|box|-804.6669|193.53844|-28.17258|-1011.79767|-248.48524|-76.7081|0|0|0|0|0|0|0|0
befallen|Bottom South|box|-782.4852|-111.74287|-28.17258|-860.20264|-176.47855|-70.8216|0|0|0|0|0|0|0|0
befallen|Bottom South|box|-782.74133|-14.61789|-28.17258|-800.8519|-111.86801|-76.7081|0|0|0|0|0|0|0|0
befallen|Middle West|box|-584.37195|-26.77164|-41.96798|-598.5739|-45.61373|-47.36244|0|0|0|0|0|0|0|0
befallen|Bottom Center|box|-629.6562|160.04199|-23.93721|-806.57227|-202.66174|-89.75016|0|0|0|0|0|0|0|0
befallen|Bottom Center|box|-531.24695|-12.53745|-42.36193|-634.8916|-71.65963|-83.95372|0|0|0|0|0|0|0|0
befallen|Bottom Center|box|-514.77435|-147.12192|-42.2165|-645.3137|-209.53638|-81.84013|0|0|0|0|0|0|0|0
befallen|Bottom North|box|-291.81784|133.59108|-50.76806|-629.8863|-214.0624|-92.16813|0|0|0|0|0|0|0|0
befallen|Middle West|box|-357.8482|199.22713|-23.64447|-605.8081|-13.56711|-45.8561|0|0|0|0|0|0|0|0
befallen|Middle West|box|-465.82797|199.22713|-23.64447|-605.8081|-74.00823|-45.8561|0|0|0|0|0|0|0|0
befallen|Middle East|box|-318.86142|-12.28403|-23.64447|-560.3445|-304.23077|-45.8561|0|0|0|0|0|0|0|0
befallen|Middle East|box|-284.65915|-253.4022|-15.76584|-414.8043|-300|-41.96773|0|0|0|0|0|0|0|0
befallen|Top|box|50.49129|281.1364|31.63788|-410.8581|-301.00916|-28.01958|0|0|0|0|0|0|0|0
blackburrow|Dark Path|box|-69.37207|-207.37804|48.33832|-271.91885|-267.81555|-4.48951|0|0|0|0|0|0|0|0
blackburrow|Dark Path|box|-194.50752|-13.11731|26.55044|-275.52203|-214.83542|-25.32729|0|0|0|0|0|0|0|0
blackburrow|Dark Path|box|-215.53322|-9.5386|-6.02739|-270.7219|-78.14769|-33.92079|0|0|0|0|0|0|0|0
blackburrow|Dark Path|box|-184.85033|-4.68777|-27.92949|-266.11328|-61.79711|-58.16656|0|0|0|0|0|0|0|0
blackburrow|Dark Path|box|-144.52238|170.33173|-38.45852|-276.5625|-22.84313|-123.58947|0|0|0|0|0|0|0|0
blackburrow|Rear Depths|box|303.85114|615.51166|-91.83096|-375.89633|62.76067|-200|0|0|0|0|0|0|0|0
blackburrow|Rear Depths|box|76.1083|442.1388|-54.50006|9.00845|312.70618|-108.1256|0|0|0|0|0|0|0|0
blackburrow|Upper Pass|box|378.7254|138.36438|119.65524|-275.93997|-269.85706|-9.37696|0|0|0|0|0|0|0|0
blackburrow|Upper Pass|box|-12.0671|218.22617|137.2559|-188.31056|82.95749|-2.60168|0|0|0|0|0|0|0|0
blackburrow|Upper Pass|box|259.0613|-155.00003|128.91283|1.51912|-358.43765|-1.1267|0|0|0|0|0|0|0|0
butcher|Kaladim Entrance|box|3046.2607|334.1744|335.7385|2679.1318|-575.56866|-52.17446|0|0|0|0|0|0|0|0
butcher|Skeleton Point|box|-1232.6425|931.7834|414.0727|-1783.2781|681.2032|-24.14081|0|0|0|0|0|0|0|0
butcher|Faydwer Port|box|1551.2156|3391.01|101.49922|723.62555|2465.9033|-182.15189|0|0|0|0|0|0|0|0
butcher|Chess Board|box|1302.7262|-1978.0779|337.0469|281.08582|-3012.6301|-118.72624|0|0|0|0|0|0|0|0
cazicthule|Archon Pyramid|box|1224.5662|-26.97523|213.32275|711.67706|-519.2993|26.70898|0|0|0|0|0|0|0|0
cazicthule|Archon Pools|box|1097.2592|-132.69582|43.79369|807.89606|-424.50507|-174.85344|0|0|0|0|0|0|0|0
cazicthule|Avatar of Fear Shrine|box|1450.2101|773.0206|84.89865|828.1555|345.04636|-8.92806|0|0|0|0|0|0|0|0
cazicthule|Avatar of Fear Shrine|box|1203.4294|691.56635|-4.09573|993.0501|484.29092|-120|0|0|0|0|0|0|0|0
cazicthule|Sewers|box|838.6929|616.7761|-36.01967|455.75424|119.73277|-89|0|0|0|0|0|0|0|0
cazicthule|Sewers|box|1037.5226|401.43933|-14.37744|604.4565|71.85886|-146.02869|0|0|0|0|0|0|0|0
cazicthule|Gator Pit|box|257.81223|-51.11234|-154.09383|-144.44975|-653.03876|-311.96622|0|0|0|0|0|0|0|0
cazicthule|High Throne|box|403.82672|418.11603|72.93308|208.47876|167.58537|-1.13733|0|0|0|0|0|0|0|0
cazicthule|The Maze|box|656.2582|-73.1216|108.1213|85.3392|-534.36945|-19.91674|0|0|0|0|0|0|0|0
cazicthule|The Maze|box|203.53526|-91.37031|108.1213|-127.01651|-534.36945|-19.91674|0|0|0|0|0|0|0|0
eastkarana|North Karana Bridge|box|447.8614|1756.0205|338.75363|-259.22675|225.28201|-307.16626|0|0|0|0|0|0|0|0
eastkarana|High Hold Gorge|box|199.26436|-3199.7903|527.91437|-3156.147|-8060.119|-151.80005|0|0|0|0|0|0|0|0
eastkarana|High Hold Gorge|box|-2822.3525|-3329.5554|850.6992|-3373.2712|-8467.167|-126.34474|0|0|0|0|0|0|0|0
eastkarana|Gorge of King Xorbb Entry|box|5282.2544|-1306.1179|699.67944|2186.5151|-2606.6099|-105.5041|0|0|0|0|0|0|0|0
ecommons|Commons Tunnel|box|-1174.8027|917.35846|66.06641|-3512.14|-1800.6141|-49.26563|0|0|0|0|0|0|0|0
erudsxing|Fishing Camp|box|-1387.8448|1039.3579|99.22599|-1675.524|651.34534|-107.79243|0|0|0|0|0|0|0|0
erudsxing|Shipwreck|box|-1022.5134|2311.5085|169.70123|-1509.4181|1992.7267|-313.4259|0|0|0|0|0|0|0|0
erudsxing|Island West|box|-624.765|1917.588|213.0238|-1934.6945|1432.0765|-111.33428|0|0|0|0|0|0|0|0
erudsxing|Island|box|-356.6114|2056.786|388.18857|-2012.8228|514.0365|-340.11053|0|0|0|0|0|0|0|0
fearplane|Portal|box|-701.05835|1154.4658|215.0941|-904.9298|922.7944|-45.22872|0|0|0|0|0|0|0|0
fearplane|Graveyard|box|250.34769|756.4666|264.42044|7.6845|-71.23339|-45.45598|0|0|0|0|0|0|0|0
fearplane|Graveyard|box|356.57825|555.85846|351.1324|7.6845|-71.23339|-45.45598|0|0|0|0|0|0|0|0
fearplane|Graveyard|box|393.64264|553.4206|280.95334|-392.33664|-502.22272|-140.45424|0|0|0|0|0|0|0|0
fearplane|Castle|box|1061.3928|662.62714|653.0662|508.35925|171.5467|-255.4375|0|0|0|0|0|0|0|0
fearplane|Fetid House|box|-32.40724|1362.4332|10|-193.4756|1192.4692|-15.04558|0|0|0|0|0|0|0|0
fearplane|Boogie House|box|-850.89703|526.8106|164.9689|-1123.2062|272.31546|-200|0|0|0|0|0|0|0|0
felwithea|Entry|box|117.70792|462.9813|186.26462|-86.89322|30.03638|-100|0|0|0|0|0|0|0|0
felwithea|Water Outlook|box|392.9558|-536.2607|44.56703|74.08409|-926.28485|-77.34693|0|0|0|0|0|0|0|0
felwithea|Water Outlook|box|122.28178|-638.4042|3.27747|-162.64935|-939.2323|-119.73344|0|0|0|0|0|0|0|0
freporte|Field North Camp|box|-341.81644|-60.16831|200|-540.5437|-266.74524|-60|0|0|0|0|0|0|0|0
freporte|South Gate|box|-342.40765|-411.4258|100|-564.6482|-887.04|-60|0|0|0|0|0|0|0|0
freporte|South Gate|box|-280.1126|-560.10657|100|-350.1818|-770.0328|-60|0|0|0|0|0|0|0|0
freporte|South Field|box|-342.3601|-65.00029|-55|-2010.5367|-966.47296|-56.5|0|0|0|0|0|0|0|0
freporte|South Field|box|-348.6346|-926.6672|-55|-2010.5367|-990.13446|-56.5|0|0|0|0|0|0|0|0
freporte|South Field|box|-412.65857|-990.0252|-55|-2010.5367|-1281.1467|-56.5|0|0|0|0|0|0|0|0
freporte|Grub n Grog Tavern|box|111.89575|-657.58813|100|42.0358|-700.44586|-60|0|0|0|0|0|0|0|0
freporte|Grub n Grog Tavern|box|112.62443|-699.81995|100|-27.89049|-769.80475|-60|0|0|0|0|0|0|0|0
freporte|Freeport Inn|box|29.81387|-600.12305|100|-126.56436|-770.0245|-60|0|0|0|0|0|0|0|0
freporte|The Dark Corner|box|-219.6185|-893.6437|-81.65706|-351.89395|-979.8604|-121.63248|0|0|0|0|0|0|0|0
freporte|The Dark Corner|box|-172.63615|-784.3876|-88.13651|-363.91315|-979.8604|-120.64337|0|0|0|0|0|0|0|0
freporte|The Dark Corner|box|-263.55603|-730.53986|-90.29099|-357.30737|-877.5696|-112.74322|0|0|0|0|0|0|0|0
freporte|Portside Tunnel|box|-261.98636|-960.9896|-69.46496|-345.7076|-1026.2062|-111|0|0|0|0|0|0|0|0
freporte|Portside Tunnel|box|-294.0816|-984.71985|-69.46496|-405.2367|-1039.8549|-111|0|0|0|0|0|0|0|0
freporte|Portside Tunnel|box|-308.85272|-987.43304|-62.89909|-491.3651|-1049.5498|-111|0|0|0|0|0|0|0|0
freporte|Portside Tunnel|box|-476.4218|-989.72314|-56.55904|-593.9413|-1119.388|-111|0|0|0|0|0|0|0|0
freporte|Portside Tunnel|box|-416.09128|-1020.0192|-60.95626|-423.91193|-1035.7864|-111|0|0|0|0|0|0|0|0
freporte|Undermarket|box|-111.26909|-164.80798|-93.92846|-250.684|-331.24704|-112.36166|0|0|0|0|0|0|0|0
freporte|Undermarket|box|-14.60716|-167.82524|-84.86546|-112.62484|-307.05286|-99.01546|0|0|0|0|0|0|0|0
freporte|Central Tunnel|box|-194.3678|-79.15622|-111.42782|-353.2274|-794.2838|-146.81042|0|0|0|0|0|0|0|0
freporte|Central Tunnel|box|-152.64363|-74.15602|-111.07697|-225.21144|-112.65923|-146.81042|0|0|0|0|0|0|0|0
freporte|Shady Market|box|-83.6369|-41.592|50|-342.5505|-357.45624|-84.46872|0|0|0|0|0|0|0|0
freporte|Shady Market|box|20.04583|-188.9638|50|-146.4047|-413.41812|-84.46872|0|0|0|0|0|0|0|0
freporte|South Tunnels|box|-22.52389|414.2799|-85.25944|-265.12302|-168.9125|-150|0|0|0|0|0|0|0|0
freporte|South Tunnels|box|-337.0136|55.35723|-53.95409|-392.7679|-68.23828|-150|0|0|0|0|0|0|0|0
freporte|South Tunnels|box|-59.92789|300.81448|-53.95409|-392.7679|-68.23828|-150|0|0|0|0|0|0|0|0
freporte|Seafarer's Roost|box|-182.08406|-797.8806|100|-265.70328|-909.30835|-84.70599|0|0|0|0|0|0|0|0
freporte|Armor by Ikthar|box|83.6898|-154.1618|2.793|28.22214|-251.5431|-100|0|0|0|0|0|0|0|0
freporte|Trader's Holiday|box|167.7012|-238.0678|2.793|112.36916|-349.56836|-100|0|0|0|0|0|0|0|0
freporte|Trader's Holiday|box|167.7012|-238.0678|2.793|82.09502|-279.52026|-100|0|0|0|0|0|0|0|0
freporte|Velithe & Bardo's|box|167.56577|-364.15564|2.793|56.0679|-419.57617|-100|0|0|0|0|0|0|0|0
freporte|Velithe & Bardo's|box|111.77023|-392.13757|2.793|56.0679|-503.62012|-100|0|0|0|0|0|0|0|0
freporte|Leather and Hide|box|97.78019|-532.1128|2.793|28.19885|-587.4798|-100|0|0|0|0|0|0|0|0
freporte|Hallard's Resales|box|-14.27197|-434.04453|50|-125.57527|-503.41257|-150|0|0|0|0|0|0|0|0
freporte|Hallard's Resales|box|-14.27197|-434.04453|50|-153.54921|-475.408|-150|0|0|0|0|0|0|0|0
freporte|Port Authority|box|111.77187|-797.82544|-11.96273|42.38117|-909.34064|-57.01858|0|0|0|0|0|0|0|0
freporte|Freeport Port|box|1064.1311|-810.8132|100|118.15112|-3000|-200|0|0|0|0|0|0|0|0
freporte|Freeport Port|box|172.71857|-810.8132|100|109.43584|-3000|-200|0|0|0|0|0|0|0|0
freporte|Freeport Port|box|114.28911|-775.4254|100|-264.09393|-3000|-200|0|0|0|0|0|0|0|0
freporte|Freeport Port|box|-261.1208|-1010.071|100|-527.18866|-3000|-200|0|0|0|0|0|0|0|0
freporte|Freeport Port|box|-521.2524|-1115.8645|100|-602.3317|-3000|-200|0|0|0|0|0|0|0|0
freporte|Freeport Port|box|-593.83905|-1200.1714|100|-642.2783|-3000|-200|0|0|0|0|0|0|0|0
freporte|Freeport Port|box|-632.77637|-1298.2054|100|-1406.1626|-3000|-200|0|0|0|0|0|0|0|0
freportn|Temple of Marr|box|154.30185|404.6869|1000|117.15574|294.50967|-1000|0|0|0|0|0|0|0|0
freportn|Temple of Marr|box|137.15846|420.5207|1000|-110.7196|279.6799|-1000|0|0|0|0|0|0|0|0
freportn|Temple of Marr|box|121.77651|437.63443|1000|15.11514|265.14618|-1000|0|0|0|0|0|0|0|0
freportn|Temple of Marr|box|111.34608|447.85052|1000|28.5004|251.72266|-1000|0|0|0|0|0|0|0|0
freportn|South Block|box|-102.99547|426.9146|1000|-245.9118|151.32068|-1000|0|0|0|0|0|0|0|0
freportn|South Block|box|-0.16106|278.29138|1000|-229.07234|139.53786|-1000|0|0|0|0|0|0|0|0
freportn|Marsheart's Chords|box|-70.16348|587.44244|100|-153.69183|532.0221|-100|0|0|0|0|0|0|0|0
freportn|City Hall|box|-126.16454|503.60345|100|-265.64825|462.07004|-100|0|0|0|0|0|0|0|0
freportn|City Hall|box|-210.2138|559.5252|100|-265.64825|462.07004|-100|0|0|0|0|0|0|0|0
freportn|Groflah's Forge|box|-0.22816|545.56195|100|-41.82742|447.94717|-100|0|0|0|0|0|0|0|0
freportn|Groflah's Forge|box|-0.22816|489.7118|100|-97.88078|447.94717|-100|0|0|0|0|0|0|0|0
freportn|West Block|box|13.41527|593.73065|1000|-300.65103|426.2654|-1000|0|0|0|0|0|0|0|0
freportn|Hall of Truth|box|349.56845|174.37546|1000|126.6206|15.9542|-1000|0|0|0|0|0|0|0|0
freportn|Hall of Truth|box|349.56845|27.68307|1000|98.72375|-230.99371|-1000|0|0|0|0|0|0|0|0
freportn|Hall of Truth|box|349.56845|-124.06451|1000|85.13786|-230.99371|-1000|0|0|0|0|0|0|0|0
freportn|Hall of Truth|box|349.56845|-170.48573|1000|44.1625|-230.99371|-1000|0|0|0|0|0|0|0|0
freportn|Office of the People|box|349.8676|504.6117|1000|196.28622|174.14217|-1000|0|0|0|0|0|0|0|0
freportn|Office of the People|box|349.8676|297.89587|1000|186.65771|174.14217|-1000|0|0|0|0|0|0|0|0
freportn|Office of the People|box|349.8676|284.34268|1000|172.77704|174.14217|-1000|0|0|0|0|0|0|0|0
freportn|Office of the People|box|349.8676|272.72635|1000|161.4967|184.40463|-1000|0|0|0|0|0|0|0|0
freportn|The Jade Tiger's Den|box|127.22398|111.68137|1000|0.37776|28.32844|-1000|0|0|0|0|0|0|0|0
freportn|Bank of Freeport|box|52.05312|-167.29594|1000|-69.70291|-251.59969|-1000|0|0|0|0|0|0|0|0
freportn|The Emporium|box|98.12637|-70.28977|1000|14.23153|-167.6803|-1000|0|0|0|0|0|0|0|0
freportn|Tassel's Tavern|box|97.69386|27.69346|1000|42.20027|-69.86467|-1000|0|0|0|0|0|0|0|0
freportn|Tassel's Tavern|box|97.69386|27.69346|1000|27.38709|-27.50371|-1000|0|0|0|0|0|0|0|0
freportn|Palola's Inn|box|-140.08304|27.93268|1000|-184.51395|-29.57745|-1000|0|0|0|0|0|0|0|0
freportn|Palola's Inn|box|-140.16684|-28.00594|1000|-209.66022|-97.69521|-1000|0|0|0|0|0|0|0|0
freportn|North Tunnels|box|498.3944|765.0144|100|304.26328|576.4433|-300|0|0|0|0|0|0|0|0
freportn|Northeast Tunnels|box|142.61472|-229.1903|100|38.6265|-309.04758|-300|0|0|0|0|0|0|0|0
freportn|Northeast Tunnels|box|185.64883|-264.481|100|-86.91696|-540.3488|-300|0|0|0|0|0|0|0|0
freportw|West Gate|box|425.82605|443.98636|100|-359.49985|94.97589|-100|0|0|0|0|0|0|0|0
freportw|West Gate|box|142.18623|97.6869|100|-14.37555|28.33429|-100|0|0|0|0|0|0|0|0
freportw|West Gate|box|156.8152|98.28179|100|-126.79057|27.27407|-100|0|0|0|0|0|0|0|0
freportw|West Field|box|580.5925|1398.9835|100|-588.4552|146.41478|-100|0|0|0|0|0|0|0|0
freportw|West Field|box|-101.47352|309.19757|100|-587.70514|91.18311|-100|0|0|0|0|0|0|0|0
freportw|Freeport Militia Yard|box|-139.71262|84.46381|100|-210.36116|-140.2397|-28.5|0|0|0|0|0|0|0|0
freportw|Freeport Militia Yard|box|-94.15167|20.98024|100|-139.78198|-98.20673|-28.5|0|0|0|0|0|0|0|0
freportw|Freeport Militia House|box|90.81315|-97.03006|100|-141.06497|-266.00745|-100|0|0|0|0|0|0|0|0
freportw|The Gallows|box|143.05573|-440.02292|100|-49.54722|-553.40607|-100|0|0|0|0|0|0|0|0
freportw|Hogcallers' Inn|box|-96.42159|-378.04037|100|-298.33575|-564.08734|-100|0|0|0|0|0|0|0|0
freportw|The Ashen Order|box|-138.61554|-768.6789|100|-294.17957|-839.9708|-100|0|0|0|0|0|0|0|0
freportw|Threater of the Tranquil|box|-6.98078|-610.7926|100|-222.90468|-742.89343|-100|0|0|0|0|0|0|0|0
freportw|Threater of the Tranquil|box|-6.98078|-731.3193|100|-124.95296|-840.4176|-28.4|0|0|0|0|0|0|0|0
freportw|Academy of Arcane Science|box|215.7111|-623.6235|100|-2.82486|-841.1705|-100|0|0|0|0|0|0|0|0
freportw|Academy of Arcane Science|box|116.10075|-554.49805|100|-2.7488|-634.60254|-100|0|0|0|0|0|0|0|0
freportw|Freeport Arena|box|-143.28752|-141.54546|100|-270.0715|-307.23584|-100|0|0|0|0|0|0|0|0
freportw|Freeport Arena|box|-264.01233|-128.4574|100|-281.1824|-319.06964|-100|0|0|0|0|0|0|0|0
freportw|Freeport Arena|box|-276.2474|-123.48797|100|-418.27188|-322.37778|-100|0|0|0|0|0|0|0|0
freportw|Freeport Arena|box|-416.38068|-134.56444|100|-429.4258|-310.73923|-100|0|0|0|0|0|0|0|0
freportw|Torlig's Herbs and Medicines|box|125.65862|-881.9368|100|56.29694|-937.2729|-100|0|0|0|0|0|0|0|0
freportw|North Tunnels|box|1670.6691|413.7149|100|580.2558|-399.795|-300|0|0|0|0|0|0|0|0
freportw|South Tunnels|box|-587.8239|206.3705|100|-720.2001|-71.98381|-300|0|0|0|0|0|0|0|0
freportw|South Tunnels|box|-508.74683|81.51383|100|-718.713|-518.62787|-300|0|0|0|0|0|0|0|0
freportw|South Tunnels|box|-474.19315|-498.68417|100|-832.249|-1836.5463|-300|0|0|0|0|0|0|0|0
freportw|South Tunnels|box|-300.15506|-739.1844|100|-551.5454|-1160.6809|-300|0|0|0|0|0|0|0|0
freportw|Northeast Tunnels|box|871.0049|-438.92847|100|361.18365|-892.9267|-300|0|0|0|0|0|0|0|0
freportw|Northeast Tunnels|box|379.18927|-720.95166|100|232.85461|-894.1926|-300|0|0|0|0|0|0|0|0
gfaydark|Kelethin|box|1218.9816|858.8085|486.387|-736.5657|-711.63544|-136.26678|0|0|0|0|0|0|0|0
gfaydark|Felwithe|box|-1901.3125|-2402.8577|39.04813|-2122.026|-2712.8757|9.96956|0|0|0|0|0|0|0|0
gfaydark|Outside Felwithe|box|-1760.3291|-2114.7163|302.00818|-2357.158|-2723.452|4.98801|0|0|0|0|0|0|0|0
gfaydark|Wizard Spires|box|-1776.8165|-325.93997|328.05777|-2292.352|-551.73145|-38.31991|0|0|0|0|0|0|0|0
gfaydark|Crushbone|box|2734.107|276.15204|186.932|2227.1082|-127.62785|-46.12787|0|0|0|0|0|0|0|0
halas|Entry Tunnel|box|-461.85428|79.02874|114.17542|-817.4874|-169.41774|-163.3844|0|0|0|0|0|0|0|0
halas|The Bound Mermaid|box|33.99859|86.18537|75.3456|-40.75866|28.69117|-7.5565|0|0|0|0|0|0|0|0
halas|Halas Hold|box|217.33076|193.33675|58.82147|169.90717|103.22285|-2.06111|0|0|0|0|0|0|0|0
halas|DoK's Cigars|box|283.78214|290.66177|64.44664|202.92622|256.87338|-3.97322|0|0|0|0|0|0|0|0
halas|DoK's Cigars|box|283.78214|290.66177|64.44664|207.01352|252.72882|-3.97322|0|0|0|0|0|0|0|0
halas|DoK's Cigars|box|283.78214|290.66177|64.44664|209.8391|249.82237|-3.97322|0|0|0|0|0|0|0|0
halas|DoK's Cigars|box|283.78214|290.66177|64.44664|211.93204|245.5488|-3.97322|0|0|0|0|0|0|0|0
halas|DoK's Cigars|box|283.78214|290.66177|64.44664|214.34518|224.53561|-3.97322|0|0|0|0|0|0|0|0
halas|The Golden Torc|box|238.51022|465.64368|80.78913|95.97708|328.51852|-5.83942|0|0|0|0|0|0|0|0
halas|Shaman's Den|box|370.56247|500|100.8316|263.42786|332.66278|-45.51437|0|0|0|0|0|0|0|0
halas|Pit of Doom|box|662.0889|-279.3146|140.81|397.34677|-567.6764|-45.51437|0|0|0|0|0|0|0|0
halas|McDaniel's Smokes and Spirits|box|365.03885|-239.78966|92.15987|307.60126|-352.6025|-3.20178|0|0|0|0|0|0|0|0
halas|McDaniel's Smokes and Spirits|box|375.00955|-267.99765|92.15987|307.60126|-352.6025|-3.20178|0|0|0|0|0|0|0|0
halas|McDaniel's Smokes and Spirits|box|378.89948|-275.03894|92.15987|307.60126|-352.6025|-3.20178|0|0|0|0|0|0|0|0
halas|McDaniel's Smokes and Spirits|box|384.3454|-236.87653|92.15987|307.60126|-352.6025|11.18375|0|0|0|0|0|0|0|0
halas|McQuaid's Dark Stout|octagon|129.97246|-183.86708|37.77335|82.01272|-273.88837|-2.62882|-189.87254|-268.9527|-194.81166|-266.3384|110.08152|100.43015|109.23969|97.21465
halas|McDonald's Fire Cider|box|247.26791|-134.63138|38.14482|175.77974|-180.83727|-2.17455|0|0|0|0|0|0|0|0
halas|Yee Majik|box|145.82687|-307.43878|26.35741|102.78886|-359.47665|-4.37607|0|0|0|0|0|0|0|0
halas|Yee Majik|box|160.03352|-339.2263|26.35741|86.06775|-399.2332|-4.37607|0|0|0|0|0|0|0|0
halas|McPherson's Bloody Blades|octagon|232.1641|-265.4821|30.38316|165.55899|-340.0893|-5.6668|-286.64835|-302.83374|-286.7272|-301.97208|219.92291|179.91194|219.19754|180.74376
innothule|Guk|box|305.51572|-560.3345|68.89599|51.74748|-913.08606|-65.15234|0|0|0|0|0|0|0|0
innothule|North Hand|box|1428.9226|653.49567|93.93811|1056.2015|361.57693|-81.74166|0|0|0|0|0|0|0|0
innothule|South Hand|box|-277.91766|1091.0212|100.43376|-642.5247|847.54755|-88.87913|0|0|0|0|0|0|0|0
innothule|Dead Tower|box|2077.337|-37.02965|23.24247|1716.8031|-277.18393|-79.66535|0|0|0|0|0|0|0|0
kaladima|Main Gate|box|146.43118|62.50914|70.45409|-109.93313|-110.41647|-10.12954|0|0|0|0|0|0|0|0
kaladima|Pub Kal|box|118.63544|250.98738|20.04065|72.98598|228.58801|-2.08641|0|0|0|0|0|0|0|0
kaladima|Pub Kal|box|94.75366|250.98738|20.04065|73.30731|205.0854|-2.08641|0|0|0|0|0|0|0|0
kaladima|Irontoe's Eats|box|202.7189|334.6814|32.39929|169.568|290.87152|-5.2108|0|0|0|0|0|0|0|0
kaladima|Tanned Assets|box|179.20912|393.62787|56.32773|156.92653|361.01483|-4.3939|0|0|0|0|0|0|0|0
kaladima|Redfist's Metal|box|142.03041|406.2638|33.1016|119.97219|360.93655|-3.87652|0|0|0|0|0|0|0|0
kaladima|Staff and Spear|box|154.67569|247.82677|28.33206|132.57054|204.32867|-2.26118|0|0|0|0|0|0|0|0
kaladima|Gem Room|box|-177.57132|-339.53403|25.7297|-219.53053|-380.67712|2.96101|0|0|0|0|0|0|0|0
kaladima|Kaladim Castle|box|140.09183|-267.97473|104.20049|-204.23277|-444.39807|-89.69429|0|0|0|0|0|0|0|0
kaladima|Castle Tunnel|box|268.91248|-276.84534|51.52454|225.39134|-375.97815|-13.76946|0|0|0|0|0|0|0|0
kaladima|Castle Tunnel|box|269.25778|-301.46332|51.52454|137.57018|-389.57907|-2.32646|0|0|0|0|0|0|0|0
kaladima|East Tunnel|box|249.3097|-29.44142|53.6324|127.37817|-117.93398|-4.70828|0|0|0|0|0|0|0|0
kaladima|West Tunnel|box|231.04108|191.20145|67.09445|129.0967|24.60144|-7.55307|0|0|0|0|0|0|0|0
kaladima|West Tunnel|box|231.04108|191.20145|67.09445|73.62121|51.61517|-7.55307|0|0|0|0|0|0|0|0
kaladima|Kaladim Arena|octagon|153.39262|345.27844|31.04107|73.90555|266.11337|-21.24893|320.12292|292.47156|317.9662|293.9344|126.0582|101.77377|126.0582|101.77377
kaladima|Warrior's Hall|box|98.73153|547.75494|68.95494|-115.03863|321.71405|-17.76613|0|0|0|0|0|0|0|0
kaladimb|Gemstone Mine|box|795.00995|457.2986|-38.48397|520.9491|140.15634|-133.59956|0|0|0|0|0|0|0|0
kaladimb|Temple of Brell Serilis|box|1483.5371|206.66536|92.54761|657.10095|67.38497|-2.30076|0|0|0|0|0|0|0|0
kaladimb|Greybloom Farms|box|700.9619|-55.23079|58.05271|569.1567|-215.50777|-37.63589|0|0|0|0|0|0|0|0
kaladimb|Everhot Forge|box|406.56024|-144.99292|52.82327|340.47375|-212.80421|-5.36843|0|0|0|0|0|0|0|0
kaladimb|Southwest Tunnel|box|473.45355|358.1471|24.72956|336.82507|256.19498|-27.8631|0|0|0|0|0|0|0|0
kaladimb|Southwest Tunnel|box|454.19577|-214.33022|44.01298|316.78595|-288.69006|-27.8631|0|0|0|0|0|0|0|0
kaladimb|Central Tunnel|box|562.378|182.70927|32.00925|392.9269|-35.70113|-35.3169|0|0|0|0|0|0|0|0
kaladimb|Northwest Tunnel|box|715.1382|313.48227|102.21529|626.389|-8.16175|-38.15923|0|0|0|0|0|0|0|0
kaladimb|Northwest Tunnel|box|715.1382|177.23087|102.21529|557.9015|-8.16175|-38.15923|0|0|0|0|0|0|0|0
kaladimb|Northwest Tunnel|box|646.3498|-178.95251|73.66964|471.68292|-286.24832|-9.04416|0|0|0|0|0|0|0|0
lavastorm|Druid Ring|box|1133.4135|1478.2406|250.74017|778.2548|1252.9165|-11.90497|0|0|0|0|0|0|0|0
lavastorm|Najena|box|-765.0624|-682.9624|96.06947|-1213.209|-1208.9008|-100|0|0|0|0|0|0|0|0
lfaydark|The Monument|box|-233.67944|-1672.5931|200|-554.17633|-2018.0643|-200|0|0|0|0|0|0|0|0
lfaydark|Gnome Camp|box|1188.9557|-1539.9639|200|897.71875|-1840.2545|-200|0|0|0|0|0|0|0|0
lfaydark|Wood Elf Outpost|box|-129.66945|1357.1056|200|-481.22516|1105.777|-200|0|0|0|0|0|0|0|0
lfaydark|East Orc Camp|box|-27.45717|-444.07367|200|-428.68973|-772.286|-200|0|0|0|0|0|0|0|0
lfaydark|East Central Orc Camp|box|354.57233|472.33655|200|100.18324|165.38974|-200|0|0|0|0|0|0|0|0
lfaydark|Brownie Compound|box|1896.7942|3232.9932|200|1649.3931|2987.865|-200|0|0|0|0|0|0|0|0
lfaydark|Faerie Village|box|1287.3734|3750.6748|200|899.05865|3440.4355|-200|0|0|0|0|0|0|0|0
lfaydark|West Orc Camp|box|131.61963|3587.164|200|-185.25809|3263.6426|-200|0|0|0|0|0|0|0|0
lfaydark|West Central Orc Camp|box|-460.9641|1828.9445|200|-693.0513|1478.1412|-200|0|0|0|0|0|0|0|0
lfaydark|Abandoned Stone Ring|box|-616.3884|3332.7937|200|-922.3096|2986.999|-200|0|0|0|0|0|0|0|0
mistmoore|Main Entryway|box|52.55892|64.55461|-168.25194|-54.312|-70.59557|-204.14772|0|0|0|0|0|0|0|0
mistmoore|Main Entryway|box|-26.7578|55.10304|-166.46768|-73.19833|-57.6877|-195.25632|0|0|0|0|0|0|0|0
mistmoore|Castle Front|box|324.60565|280.88104|-95.23775|38.1688|-204.29967|-290|0|0|0|0|0|0|0|0
mistmoore|Tomb|box|9.83427|399.2322|-222.16814|-36.11818|356.20724|-240.51189|0|0|0|0|0|0|0|0
mistmoore|Graveyard|box|161.1058|480.3751|-140.61717|-61.58088|328.87283|-239.91608|0|0|0|0|0|0|0|0
mistmoore|Graveyard|box|161.1058|480.3751|-140.61717|20.49836|310.26718|-239.91608|0|0|0|0|0|0|0|0
mistmoore|Graveyard|box|161.1058|480.3751|-140.61717|-71.8432|336.52048|-239.91608|0|0|0|0|0|0|0|0
mistmoore|The Tower|box|-173.73128|401.49164|-39.3597|-290.96408|275.0525|-177.20145|0|0|0|0|0|0|0|0
mistmoore|Outer Pass|box|328.32846|661.3845|-45.29652|7.92533|217.04819|-280.44553|0|0|0|0|0|0|0|0
mistmoore|Outer Pass|box|328.32846|661.3845|-45.29652|-469.3596|422.72992|-280.44553|0|0|0|0|0|0|0|0
mistmoore|Outer Pass|box|-93.99718|613.81|-49.34714|-469.3596|326.29587|-280.44553|0|0|0|0|0|0|0|0
mistmoore|Outer Pass|box|-105.81547|613.81|-49.34714|-469.3596|298.8354|-280.44553|0|0|0|0|0|0|0|0
mistmoore|Outer Pass|box|-140.02696|613.81|-205.86925|-469.3596|262.46274|-280.44553|0|0|0|0|0|0|0|0
mistmoore|Outer Pass|box|-277.9577|613.81|-177.41151|-469.3596|102.64306|-280.44553|0|0|0|0|0|0|0|0
mistmoore|Outer Pass|box|-288.1646|613.81|-172.53456|-469.3596|94.33755|-280.44553|0|0|0|0|0|0|0|0
mistmoore|Courtyard|box|35.28479|205.37186|-148.48166|-199.88586|109.64683|-198.81036|0|0|0|0|0|0|0|0
mistmoore|Courtyard|box|35.28479|205.37186|-148.48166|-30.34875|61.63428|-201.65828|0|0|0|0|0|0|0|0
mistmoore|Crypt|box|-288.63834|80.43449|-152.27026|-365.1382|6.77511|-204.38403|0|0|0|0|0|0|0|0
mistmoore|Kitchen|box|-224.87878|-75.61276|-137.19585|-289.67505|-141.80458|-193|0|0|0|0|0|0|0|0
mistmoore|Throne Room|box|-94.61247|48.4707|-132.04515|-168.7787|-48.58216|-164.8676|0|0|0|0|0|0|0|0
mistmoore|Drawing Room|box|-95.44844|49.00759|-171.12997|-192.99146|-48.69628|-200.23161|0|0|0|0|0|0|0|0
mistmoore|Library|box|-48.86467|101.21951|-133.59634|-99.47481|63.76501|-165.96193|0|0|0|0|0|0|0|0
mistmoore|Dining Hall|box|-95.84607|-69.39413|-167.27|-181.24307|-156.53139|-194.43614|0|0|0|0|0|0|0|0
misty|West Misty Thicket|box|1299.8677|1559.0168|466.5149|-1342.874|-28.96436|-165.0426|0|0|0|0|0|0|0|0
misty|West Misty Thicket|box|-456.79956|1559.0168|466.5149|-1342.874|-307.65155|-165.0426|0|0|0|0|0|0|0|0
misty|West Misty Thicket|box|-659.7133|1559.0168|466.5149|-1342.874|-411.6771|-165.0426|0|0|0|0|0|0|0|0
misty|West Misty Thicket|box|-863.6939|1559.0168|466.5149|-1342.874|-458.05756|-165.0426|0|0|0|0|0|0|0|0
misty|West Misty Thicket|box|-227.1231|1559.0168|466.5149|-1342.874|-92.11201|-165.0426|0|0|0|0|0|0|0|0
misty|West Misty Thicket|box|-253.92436|1559.0168|466.5149|-1342.874|-114.61514|-165.0426|0|0|0|0|0|0|0|0
misty|West Misty Thicket|box|-391.05823|1559.0168|466.5149|-1342.874|-213.004|-165.0426|0|0|0|0|0|0|0|0
misty|West Misty Thicket|box|-435.23996|1559.0168|466.5149|-1342.874|-277.27167|-165.0426|0|0|0|0|0|0|0|0
misty|West Misty Thicket|box|-614.7503|1559.0168|466.5149|-1342.874|-365.4337|-165.0426|0|0|0|0|0|0|0|0
najena|Najena's Room|box|381.03827|145.55528|25.47099|290.59772|78.61173|-3.71412|0|0|0|0|0|0|0|0
najena|Najena's Room|box|354.9815|87.13383|18.07588|334.48822|68.7087|-2.80337|0|0|0|0|0|0|0|0
najena|Outer Cells|box|188.32243|263.38416|22.4557|56.76794|156.19606|-2.67595|0|0|0|0|0|0|0|0
najena|Outer Cells|box|144.80814|308.8403|20.60986|40.89439|242.8126|-4.66566|0|0|0|0|0|0|0|0
najena|Outer Cells|box|153.95964|370.1547|17.21784|94.79251|285.06912|-6.88987|0|0|0|0|0|0|0|0
najena|Outer Cells|box|111.20679|356.4322|18.99578|69.50285|324.38187|-5.41492|0|0|0|0|0|0|0|0
najena|Inner Caves|box|552.57526|264.87112|53.36901|366.09024|-140.40553|-87.24361|0|0|0|0|0|0|0|0
najena|Inner Caves|box|399.67087|125.59006|38.05086|42.44917|-111.45293|-66.99954|0|0|0|0|0|0|0|0
najena|Inner Caves|box|56.12118|-138.74695|-33.21686|97.28051|-71.21612|21.62098|0|0|0|0|0|0|0|0
najena|Inner Caves|box|116.3207|-101.35625|40.7238|61.06392|-117.01971|-22.04781|0|0|0|0|0|0|0|0
najena|Inner Caves|box|187.79558|-53.72635|58.34233|150.52615|-163.40616|-23.69761|0|0|0|0|0|0|0|0
najena|Prison|box|21.2345|25.36935|-14.85065|-205.01556|-312.35684|-53.67112|0|0|0|0|0|0|0|0
najena|Slaughter Halls|box|375.946|366.5742|30.99703|148.4812|282.36774|-45|0|0|0|0|0|0|0|0
najena|Slaughter Halls|box|375.946|281.86774|30.99703|42.58047|157.23909|-45|0|0|0|0|0|0|0|0
najena|Slaughter Halls|box|378.8518|307.44498|-1.1|24.6941|125.74512|-30.44881|0|0|0|0|0|0|0|0
najena|Torture Halls|box|230.29643|-94.94905|51.31279|-206.06493|-368.08853|-54.86924|0|0|0|0|0|0|0|0
najena|Torture Halls|box|-17.63128|-43.65741|33.11842|-84.74289|-168.68626|-9.98946|0|0|0|0|0|0|0|0
najena|Main Entry|box|59.56888|237.31442|43.43594|-123.44975|30.74748|-4.00943|0|0|0|0|0|0|0|0
najena|Main Entry|box|52.60274|37.92266|23.36003|-28.19245|-100.17392|-4|0|0|0|0|0|0|0|0
nektulos|Neriak|box|2539.9065|-707.843|120.65553|2091.832|-1205.7482|-28.1414|0|0|0|0|0|0|0|0
nektulos|Lavastorm Path|box|3581.9468|863.3591|281.9672|2433.608|437.5458|-117.00752|0|0|0|0|0|0|0|0
nektulos|Lavastorm Path|box|3581.9468|863.3591|281.9672|2675.0203|170.83882|-162.9063|0|0|0|0|0|0|0|0
neriaka|Guard House|box|13.05896|-84.77235|28.15477|-12.74706|-128.74893|-2.39426|0|0|0|0|0|0|0|0
neriaka|Guard House|box|38.66974|-98.80713|15.0718|-39.76907|-127.39688|-4.80759|0|0|0|0|0|0|0|0
neriaka|Front Gate|box|217.28719|249.34937|90.84558|-319.95688|-28.90751|-6.68813|0|0|0|0|0|0|0|0
neriaka|Front Gate|box|53.04121|0.96225|84.19231|-55.84715|-139.79637|-29.33094|0|0|0|0|0|0|0|0
neriaka|Commons Path|box|39.39847|-154.95009|35.15812|-49.89575|-497.73172|-54.65277|0|0|0|0|0|0|0|0
neriakc|The Dark Guilds|box|1447.0356|-1021.73413|65.88784|1072.5625|-1394.0936|-135.92694|0|0|0|0|0|0|0|0
neriakc|Temple of Innoruuk|box|635.4043|-593.2678|77.99518|75.16046|-1013.4007|-146.97719|0|0|0|0|0|0|0|0
neriakc|X'Lottl Mansion|box|1447.1344|-1518.9658|17.84991|1160.0433|-1763.7385|-127.32759|0|0|0|0|0|0|0|0
neriakc|J'Narus Mansion|box|761.01733|-1705.232|-13.76469|615.9193|-1864.4783|-123.28841|0|0|0|0|0|0|0|0
neriakc|The Maiden's Fancy|box|923.1439|-1387.4425|-70.75448|840.0725|-1469.1761|-121.47633|0|0|0|0|0|0|0|0
neriakc|The Maiden's Fancy|box|926.8|-1449.5521|-89.11302|871.7023|-1521.265|-127.76161|0|0|0|0|0|0|0|0
neriakc|Cuisine Excelsior|box|768.13666|-1428.9028|-68.97603|724.7895|-1467.513|-91.28033|0|0|0|0|0|0|0|0
neriakc|Cuisine Excelsior|octagon|741.7844|-1412.8496|-55.91068|671.0264|-1481.4512|-92.87068|-1428.8196|-1467.9427|-1417.076|-1480.3759|723.33575|683.9181|723.33575|683.9181
neriakc|Neriak Library|box|926.85333|-1232.933|-43.86829|853.5602|-1376.9382|-94.7529|0|0|0|0|0|0|0|0
neriakc|Neriak Library|box|874.12695|-1267.2837|-47.71652|806.23987|-1376.9382|-87.55621|0|0|0|0|0|0|0|0
neriakc|Neriak Library|box|811.6652|-1281.9557|-71.13066|786.91583|-1374.1746|-96.22364|0|0|0|0|0|0|0|0
neriakc|Nobles' Quarter|box|1237.4396|-1154.9263|83.38938|503.79193|-1982.5171|-227.39238|0|0|0|0|0|0|0|0
northkarana|East Karana Bridge|box|417.78973|-2260.6255|325.67227|-620.2131|-3664.7202|-278.51913|0|0|0|0|0|0|0|0
northkarana|South Karana Bridge|box|-3813.5261|1621.5216|147.43483|-5799.4814|609.9835|-336.90005|0|0|0|0|0|0|0|0
nro|Field Camp|box|3560.1484|583.2944|43.29026|3067.3535|-159.97061|-61.33909|0|0|0|0|0|0|0|0
nro|Fishing Village|box|2463.1934|-670.50885|91.10606|1987.1075|-1045.7454|-122.24155|0|0|0|0|0|0|0|0
nro|Haunted Ruins|box|547.3179|569.1689|90.7542|285.20816|296.0186|-77.58502|0|0|0|0|0|0|0|0
nro|Freeport Field|box|4867.1094|1739.5858|415.4795|2493.9807|-1006.3116|-119.60015|0|0|0|0|0|0|0|0
nro|Commons Tunnel|box|4107.153|4106.853|152.15099|1893.7817|1889.3441|-43.64165|0|0|0|0|0|0|0|0
nro|Commons Tunnel|box|2089.1863|1911.2864|58.35051|1809.7946|1460.2913|-43.49534|0|0|0|0|0|0|0|0
nro|Desert|box|2503.12|3843.5503|427.85992|-2788.978|-1005.6883|-222.96445|0|0|0|0|0|0|0|0
paineel|Upper Field|box|1673.5656|-19.62702|190.99698|951.9114|-1130.305|-42.33254|0|0|0|0|0|0|0|0
paineel|Upper Field|box|1673.5656|-140.07114|190.99698|628.18567|-727.652|-42.33254|0|0|0|0|0|0|0|0
paineel|Upper Field|box|961.0536|-63.01154|14.44984|880.0819|-169.19292|-0.73727|0|0|0|0|0|0|0|0
paineel|Upper Field|box|912.60583|-85.52185|12.66725|797.67053|-175.39886|-0.73727|0|0|0|0|0|0|0|0
paineel|Upper Field|box|1072.0813|-687.42926|41.84188|746.88873|-832.4998|-1.27154|0|0|0|0|0|0|0|0
paw|Entry|box|304.315|164.91711|76.78311|-248.29443|-242.1201|-14.87489|0|0|0|0|0|0|0|0
paw|Inner Pass|box|414.86664|160.21736|60.5305|283.93066|-10.21472|-1.21662|0|0|0|0|0|0|0|0
paw|Prison|box|533.83386|355.9619|15.6|374.04523|120.17399|-4.90678|0|0|0|0|0|0|0|0
paw|Prison|box|435.93765|357.813|15.6|264.71063|193.6426|5.68479|0|0|0|0|0|0|0|0
paw|Prison|box|581.0314|241.42921|15.6|542.0964|181.37907|8.72326|0|0|0|0|0|0|0|0
paw|Prison|box|550.9403|217.14612|12.98302|502.86783|180.87952|8.99998|0|0|0|0|0|0|0|0
qcat|Plague Bringer Tunnels|box|489.12888|-212.3088|196.28246|144.11763|-698.1315|-43.91828|0|0|0|0|0|0|0|0
qcat|Plague Bringer Tunnels|box|517.6766|51.97877|-18.99746|346.80032|-256.62872|-43.91828|0|0|0|0|0|0|0|0
qcat|Plague Bringer Tunnels|box|478.5284|69.81732|-26.60804|338.70255|-2.25714|-43.96659|0|0|0|0|0|0|0|0
qcat|Plague Bringer Tunnels|box|409.8585|83.90349|-21.66364|338.558|-66.72602|-43.30104|0|0|0|0|0|0|0|0
qcat|Plague Bringer Tunnels|box|347.1826|55.82235|-22.14607|308.15393|-62.60407|-43.62308|0|0|0|0|0|0|0|0
qcat|Plague Bringer Tunnels|box|398.43637|-549.1588|-41.96876|319.45117|-620.7787|-60.96869|0|0|0|0|0|0|0|0
qcat|Crow's Way|box|769.6536|82.47033|-23.26782|610.306|8.59524|-48.04817|0|0|0|0|0|0|0|0
qcat|Crow's Way|box|763.0638|85.60615|-28.01386|610.306|8.59524|-48.04817|0|0|0|0|0|0|0|0
qcat|Crow's Way|box|703.08295|101.45794|-25.31554|610.306|8.59524|-48.04817|0|0|0|0|0|0|0|0
qcat|Crow's Way|box|663.49536|160.92346|-30.00601|610.306|8.59524|-48.04817|0|0|0|0|0|0|0|0
qey2hh1|Northwest Hamlet|box|1223.7394|-1487.6289|231.61734|559.1327|-2312.5115|-60.95228|0|0|0|0|0|0|0|0
qey2hh1|Mid-North Homestead|box|908.4609|-3888.106|183.64154|-25.54235|-4726.118|-104.21692|0|0|0|0|0|0|0|0
qey2hh1|Southeast Barns|box|-2672.7231|-13052.273|206.61723|-3370.593|-13696.853|-40.51116|0|0|0|0|0|0|0|0
qey2hh1|Southeast Coast|box|-3650.355|-6696.0483|300|-4754.3965|-16549.59|-200|0|0|0|0|0|0|0|0
qeynos|Mermaid's Lure|box|55.69983|-28.15343|110|-27.96315|-69.85305|-1.5|0|0|0|0|0|0|0|0
qeynos|Mermaid's Lure|box|27.91135|-28.15343|110|-27.96315|-111.82441|-1.5|0|0|0|0|0|0|0|0
qeynos|Port Authority|box|-112.28674|-14.29641|110|-181.73051|-41.45866|-1.5|0|0|0|0|0|0|0|0
qeynos|Port Authority|box|-140.094|-14.29641|110|-181.73051|-69.87702|-1.5|0|0|0|0|0|0|0|0
qeynos|Qeynos Port|box|603.1456|1178.1168|110|-818.47314|-27.12645|-200|0|0|0|0|0|0|0|0
qeynos|Qeynos Port|box|68.17903|1178.1168|110|-818.47314|-161.12541|-200|0|0|0|0|0|0|0|0
qeynos|Qeynos Port|box|125.20519|1178.1168|110|-818.47314|-110.58791|-200|0|0|0|0|0|0|0|0
qeynos|Lion's Mane Tavern|box|320.8003|-138.3931|12.88573|238.94556|-209.1874|-3.09762|0|0|0|0|0|0|0|0
qeynos|Fhara's Leather and Thread|box|419.27847|-70.40007|110|392.32407|-97.54322|-1.5|0|0|0|0|0|0|0|0
qeynos|Lion's Mane Inn|box|376.38953|-56.4602|110|224.46603|-139.71245|-1.5|0|0|0|0|0|0|0|0
qeynos|Lion's Mane Inn|box|321.78998|-138.24266|110|238.64655|-208.1379|-1.5|0|0|0|0|0|0|0|0
qeynos|Portside Market|box|451.07648|-24.3642|110|42.97433|-115.62725|-2.5|0|0|0|0|0|0|0|0
qeynos|Portside Market|box|392.00955|-24.3642|110|55.03065|-253.41248|-2.5|0|0|0|0|0|0|0|0
qeynos|The Wind Spirit's Song|box|561.0631|-97.35625|68.77476|458.602|-191.98463|-3.55692|0|0|0|0|0|0|0|0
qeynos|The Tin Soldier|box|544.4799|-29.54356|68.77476|491.07175|-68.7051|-3.55692|0|0|0|0|0|0|0|0
qeynos|The Tin Soldier|box|544.4799|-29.54356|68.77476|505.48956|-96.75873|-3.55692|0|0|0|0|0|0|0|0
qeynos|Shrine of The Burning Prince|box|363.7248|-573.18164|57.94358|272.1877|-711.5727|-4.85754|0|0|0|0|0|0|0|0
qeynos|The Herb Jar|box|334.42206|-547.26575|41.2424|295.24924|-574.1661|-3.85579|0|0|0|0|0|0|0|0
qeynos|Office of the People|box|337.03085|-476.78455|36.71511|309.04318|-516.7829|-1.58419|0|0|0|0|0|0|0|0
qeynos|Qeynos Hold|box|350.4908|-412.89188|53.59951|306.8512|-460.8081|-5.40976|0|0|0|0|0|0|0|0
qeynos|Bag n' Barrel|box|562.49664|-252.2006|71.62779|476.34348|-321.39392|-5.41346|0|0|0|0|0|0|0|0
qeynos|Bag n' Barrel|box|531.038|-238.28535|71.62779|476.34348|-321.39392|-5.41346|0|0|0|0|0|0|0|0
qeynos|Nesiff's Wooden Weapons|box|447.3808|-210.35117|66.66462|406.0443|-250.94962|-1.55999|0|0|0|0|0|0|0|0
qeynos|Nesiff's Wooden Weapons|box|447.3808|-210.35117|66.66462|420.2743|-279.39453|-1.55999|0|0|0|0|0|0|0|0
qeynos|Clock Courtyard|box|569.4017|-182.04877|70.14136|380.76028|-447.74725|-10.47699|0|0|0|0|0|0|0|0
qeynos|Clock Courtyard|box|569.4017|-259.21432|70.14136|323.222|-385.4698|-10.47699|0|0|0|0|0|0|0|0
qeynos|Fish's Ale|box|-280.5479|-169.1315|56.44894|-336.28116|-307.06018|-2.32226|0|0|0|0|0|0|0|0
qeynos|Fish's Ale|box|-252.14886|-224.20811|56.44894|-336.28116|-307.06018|-2.32226|0|0|0|0|0|0|0|0
qeynos|Fish's Ale|box|-224.56747|-252.51157|56.44894|-336.28116|-293.6538|-2.32226|0|0|0|0|0|0|0|0
qeynos|Voleen's Bakery|box|-140.92168|-211.16516|42.35498|-167.43825|-293.41345|-1.72173|0|0|0|0|0|0|0|0
qeynos|Voleen's Bakery|box|-140.92168|-238.40128|42.35498|-181.38705|-293.2434|-1.72173|0|0|0|0|0|0|0|0
qeynos|Voleen's Bakery|box|-140.92168|-252.29865|42.35498|-209.28429|-279.0599|-1.72173|0|0|0|0|0|0|0|0
qeynos|Fireprides|box|209.43056|-280.48676|39.9829|182.53578|-334.9811|-2.42708|0|0|0|0|0|0|0|0
qeynos|Fireprides|box|209.43056|-308.23947|39.9829|154.30115|-334.9811|-2.42708|0|0|0|0|0|0|0|0
qeynos|Alter of the Rainbringer|box|-140.24403|-420.15182|83.49436|-209.64899|-461.5394|-3.4|0|0|0|0|0|0|0|0
qeynos|The Rainbringers|box|-130.33133|-405.83337|83.49436|-303.87027|-581.7607|-2.34565|0|0|0|0|0|0|0|0
qeynos|Undertunnels|box|139.29182|-279.01215|-1.288|-207.06699|-706.05786|-35.63988|0|0|0|0|0|0|0|0
qeynos|Grounds of Fate|box|125.66329|-336.60165|75.37414|-12.2938|-617.04065|-32.36028|0|0|0|0|0|0|0|0
qeynos|Grounds of Fate|box|62.94226|-306.01318|75.37414|-12.2938|-617.04065|-32.36028|0|0|0|0|0|0|0|0
qeynos|Grounds of Fate|box|62.94226|-376.9614|75.37414|-72.10208|-522.4178|-32.36028|0|0|0|0|0|0|0|0
qeynos|Arena Market|box|55.19237|-155.73259|86.8291|-121.36013|-363.1684|-1.8897|0|0|0|0|0|0|0|0
qeynos2|Kliknik Tunnel|box|334.2747|-136.49066|100|277.0388|-184.82127|-500|0|0|0|0|0|0|0|0
qeynos2|North Gate|box|418.604|230.3289|100|251.54582|7.30657|-2|0|0|0|0|0|0|0|0
qeynos2|North Field|box|2004.0563|1189.2632|100|383.94244|-1105.2534|-2|0|0|0|0|0|0|0|0
qeynos2|North Field|box|2004.0563|1189.2632|100|156.6204|409.9045|-2|0|0|0|0|0|0|0|0
qeynos2|North Field|box|489.98477|-106.92403|100|141.12566|-660.86487|-2|0|0|0|0|0|0|0|0
qeynos2|Qeynos Underbelly|box|239.55759|269.49915|-1.58014|-4.88946|7.82156|-74.4072|0|0|0|0|0|0|0|0
qeynos2|Qeynos Underbelly|box|156.62318|295.67648|-1.58014|-4.88946|7.82156|-74.4072|0|0|0|0|0|0|0|0
qeynos2|Reflecting Pond|box|225.16399|392.70248|-4.22565|167.44925|279.3181|-500|0|0|0|0|0|0|0|0
qeynos2|The Cobbler|box|-53.441|27.92737|100|-83.79862|-27.94245|-1.54738|0|0|0|0|0|0|0|0
qeynos2|The Cobbler|box|-53.441|1.97283|100|-97.86821|-27.94245|-1.54738|0|0|0|0|0|0|0|0
qeynos2|Order of the Silent Fist|box|387.97623|417.66763|100|252.01198|245.21182|-1.54738|0|0|0|0|0|0|0|0
qeynos2|Crows Pub and Casino|box|125.7491|377.67813|100|28.14833|308.01263|-100|0|0|0|0|0|0|0|0
qeynos2|Crows Pub and Casino|box|69.78329|377.67813|100|28.14833|280.0534|-100|0|0|0|0|0|0|0|0
qeynos2|Sneed Galliway's Trading Post|box|153.63683|279.67795|100|98.02847|182.07298|-1.54738|0|0|0|0|0|0|0|0
qeynos2|Sneed Galliway's Trading Post|box|153.63683|223.86443|100|84.05385|182.07298|-1.54738|0|0|0|0|0|0|0|0
qeynos2|Ironforge Estate|box|157.94571|49.22314|100|40.16963|-28.15706|-1.54738|0|0|0|0|0|0|0|0
qeynos2|Ironforge Estate|box|157.94571|49.22314|100|69.81587|-105.25845|-1.54738|0|0|0|0|0|0|0|0
qeynos2|Ironforge Estate|box|157.94571|97.86872|100|14.39195|42.19997|-1.54738|0|0|0|0|0|0|0|0
qeynos2|Ironforge Estate|box|144.46706|128.4726|100|35.91942|42.19997|-1.54738|0|0|0|0|0|0|0|0
qeynos2|North Qeynos|box|383.0068|421.21225|100|-210.14488|-111.2676|-320.80432|0|0|0|0|0|0|0|0
qeynos2|Shrine of the Prime Healer|box|16.54598|-263.4074|100|-263.60748|-760.1733|-400|0|0|0|0|0|0|0|0
qeynos2|Temple of Life|box|16.54598|-107.72865|100|-263.60748|-760.1733|-400|0|0|0|0|0|0|0|0
qeytoqrg|Haunted Ruins|box|4967.32|-563.43585|276.21365|4375.1543|-1166.3647|-71.3608|0|0|0|0|0|0|0|0
qeytoqrg|Surefall Glade|box|5390.475|497.81827|150.69109|4613.063|-150.38696|-68.28526|0|0|0|0|0|0|0|0
qeytoqrg|Sayer's House|box|1563.5616|472.16025|184.76074|1252.5552|175.28262|-86.30029|0|0|0|0|0|0|0|0
qeytoqrg|Blackburrow|box|3568.5706|-889.10913|155.92818|3193.2346|-1199.968|-65.46413|0|0|0|0|0|0|0|0
qeytoqrg|Guard Tower|box|1290.7764|-694.1815|136.61441|758.0981|-1093.7388|-41.89397|0|0|0|0|0|0|0|0
qeytoqrg|The Split|box|688.13354|266.7379|74.3882|362.32544|-70.62038|-69.27868|0|0|0|0|0|0|0|0
qrg|Ranger's Guild|box|194.3944|-1.28924|13.85511|113.03582|-70.20015|-1.08666|0|0|0|0|0|0|0|0
qrg|Ranger's Guild|box|152.7415|-68.65098|13.85511|99.0903|-124.775|-1.08666|0|0|0|0|0|0|0|0
qrg|Jaggedpine Treefolk|box|-98.64674|-252.945|12.86373|-140.1322|-306.914|-3.71409|0|0|0|0|0|0|0|0
qrg|Jaggedpine Treefolk|box|-98.64674|-280.7699|12.86373|-167.11255|-306.914|-3.71409|0|0|0|0|0|0|0|0
qrg|Caves|box|910.84766|-108.55341|242.90427|360.0035|-739.2315|-58.25869|0|0|0|0|0|0|0|0
qrg|Caves|box|405.9058|-566.1273|183.16806|0|-555.2118|-77.9765|0|0|0|0|0|0|0|0
qrg|Caves|box|247.1784|-299.7699|99.79502|0|-458.9858|-58.29125|0|0|0|0|0|0|0|0
qrg|Caves|box|409.301|-178.2869|99.79502|200.22192|-340.91025|-58.29125|0|0|0|0|0|0|0|0
qrg|Caves|box|409.301|-151.5173|99.79502|205.2809|-340.91025|-58.29125|0|0|0|0|0|0|0|0
qrg|Caves|box|258.16293|-144.53581|16.10944|196.46114|-364.88303|-4.70885|0|0|0|0|0|0|0|0
qrg|Caves|box|388.76193|-278.81522|242.90427|3.18639|-508.47192|-77.9765|0|0|0|0|0|0|0|0
qrg|Caves|box|283.25778|-314.45795|215.51517|52.70651|-616.139|-93.16143|0|0|0|0|0|0|0|0
qrg|Caves|box|729.7278|-457.0315|140.86119|26.65624|-577.5152|-34.8578|0|0|0|0|0|0|0|0
qrg|Shrine of Tunare|box|-171.09796|-367.0691|1.31308|-248.54173|-444.1712|-0.83198|0|0|0|0|0|0|0|0
qrg|Shrine of Tunare|box|-181.44258|-409.38052|4|-238.63509|-446.00497|-0.83198|0|0|0|0|0|0|0|0
qrg|Shrine of Tunare|box|-200.5744|-443.506|10.63627|-219.38438|-446.00595|9.6092|0|0|0|0|0|0|0|0
rathemtn|Gypsy Camp|box|4175.352|1592.331|150.2938|3752.2295|1326.7941|-57.86871|0|0|0|0|0|0|0|0
rivervale|Bank of Rivervale|box|134.69102|-143.28654|150|67.44567|-214.82027|-50|0|0|0|0|0|0|0|0
rivervale|Bank of Rivervale|box|122.78473|-133.23347|150|67.44567|-214.82027|-50|0|0|0|0|0|0|0|0
rivervale|Bank of Rivervale|box|99.53206|-118.85273|150|24.08254|-199.35191|-50|0|0|0|0|0|0|0|0
rivervale|Fiddy's Fishing Dock|box|48.5442|-308.48444|150|-24.71056|-412.25897|-50|0|0|0|0|0|0|0|0
rivervale|Fiddy's Fishing Dock|box|48.5442|-308.48444|150|-23.27387|-442.4849|-50|0|0|0|0|0|0|0|0
rivervale|Fiddy's Fishing Dock|box|64.20572|-353.37265|150|-23.27387|-442.4849|-50|0|0|0|0|0|0|0|0
rivervale|Weary Foot Rest Inn|box|227.6|17.6219|150|120.08842|-59.83232|-50|0|0|0|0|0|0|0|0
rivervale|Weary Foot Rest Inn|box|227.6|17.6219|150|143.4451|-84.46945|-50|0|0|0|0|0|0|0|0
rivervale|Weary Foot Rest Inn|box|227.6|17.6219|150|155.61882|-108.26945|-50|0|0|0|0|0|0|0|0
rivervale|Weary Foot Rest Inn|box|252.6334|17.6219|-8.47064|68.73754|-156.5729|-50|0|0|0|0|0|0|0|0
rivervale|Bristlebane's Hall|box|-204.55357|-335.87808|-15.65362|-253.16264|-432.09824|-50|0|0|0|0|0|0|0|0
runnyeye|Upper Pools|box|228.73878|134.0249|28.43911|-49.5205|36.6993|-19.27733|0|0|0|0|0|0|0|0
runnyeye|Upper Pools|box|220.33842|141.39569|24.37437|103.88722|33.76125|-21.57286|0|0|0|0|0|0|0|0
runnyeye|Upper Pools|box|120.59025|136.94804|21.73324|-44.97261|-34.38985|-15.16353|0|0|0|0|0|0|0|0
runnyeye|Upper Pools|box|79.25955|35.38762|52.87053|-22.04335|-110.6006|-16.6956|0|0|0|0|0|0|0|0
runnyeye|Eye Pool|box|155.18555|-59.43041|-20.54359|53.68758|-145.62468|-67.2742|0|0|0|0|0|0|0|0
runnyeye|Blood Room|box|35.16832|72.66581|-18.13804|-59|-68.91041|-63.17569|0|0|0|0|0|0|0|0
runnyeye|Blood Room|box|35.16832|48.29788|-18.13804|-59|-52.1803|-63.17569|0|0|0|0|0|0|0|0
runnyeye|Blood Room|box|-58.26367|40.95707|-46.53375|-76|-37.29639|-50|0|0|0|0|0|0|0|0
soldungb|Nagafen's Approach|box|-1026.479|-697.8112|191.20592|-1171.9216|-925.4779|-105.79035|0|0|0|0|0|0|0|0
soldungb|Nagafen's Approach|box|-1009.0896|-596.286|51.42012|-1159.0543|-798.32526|8.47985|0|0|0|0|0|0|0|0
soldungb|Nagafen's Approach|box|-1070.369|-478.11987|42.96817|-1111.067|-600.52985|22.50004|0|0|0|0|0|0|0|0
soldungb|Lavaflow Bridge|box|-1101.1039|-372.18463|106.12684|-1302.3293|-605.53564|-94.95677|0|0|0|0|0|0|0|0
soldungb|Lavaflow Bridge|box|-1289.6565|-407.8979|24.56448|-1309.9758|-573.1985|-25.5342|0|0|0|0|0|0|0|0
soldungb|Lavaflow Bridge|box|-1308.0743|-423.0457|0.59969|-1370.2507|-571.9345|-31.19974|0|0|0|0|0|0|0|0
soldungb|Throne of King Tranix|box|-1419.4683|-228.70123|176.60944|-1604|-516.17114|-5.5|0|0|0|0|0|0|0|0
soldungb|Throne of King Tranix|box|-1361.3423|-416.45837|100.92748|-1487.2249|-578.7182|-5.5|0|0|0|0|0|0|0|0
soldungb|Throne of King Tranix|box|-1408.2451|-370.65048|9.38431|-1428.008|-401.0373|-5.5|0|0|0|0|0|0|0|0
soldungb|Throne of King Tranix|box|-1391.4655|-314.15393|44.35586|-1431.244|-354.3267|5.5|0|0|0|0|0|0|0|0
soldungb|The Fire Throne|box|-1169.9011|-658.68695|259.53745|-1612.0635|-1034.0105|50.5662|0|0|0|0|0|0|0|0
soldungb|Giant's Way|box|-1071.3612|-88.47806|3.49111|-1409.0421|-416.3058|-120.15757|0|0|0|0|0|0|0|0
soldungb|Giant's Way|box|-1345.8374|-92.63454|3.49111|-1430.997|-359.2198|-111.39322|0|0|0|0|0|0|0|0
soldungb|Giant's Way|box|-1316.3081|-414.374|-8.08737|-1352.5046|-423.4219|-111|0|0|0|0|0|0|0|0
soldungb|Spider Nest|box|-850.34467|-159.93892|-76.23037|-981.8646|-273.03537|-102.00861|0|0|0|0|0|0|0|0
soldungb|Spider Nest|box|-908.7194|-117.9538|-55.9302|-982.0076|-270.99265|-94.86909|0|0|0|0|0|0|0|0
soldungb|Spider Nest|box|-912.1839|-219.32893|-56.56148|-987.776|-279.68665|-96.37191|0|0|0|0|0|0|0|0
soldungb|Spider Nest|box|-919.4478|-266.97177|-59.36047|-1017.7959|-383.34473|-107.64564|0|0|0|0|0|0|0|0
soldungb|Spider Nest|box|-939.08673|-323.9877|-59.004883|-1028.977|-340.74585|-100|0|0|0|0|0|0|0|0
soldungb|Spider Nest|box|-931.5372|-374.65396|-59.03011|-1008.2475|-399.72565|-100|0|0|0|0|0|0|0|0
southkarana|The Well|box|115.00989|21.29841|42.65182|-204.7888|-257.89856|-18.08886|0|0|0|0|0|0|0|0
southkarana|North Bridge|box|3521.6248|1509.3579|188.55788|1616.8843|198.38387|-324.27344|0|0|0|0|0|0|0|0
southkarana|Undead Ruins|box|1540.5134|1434.6183|138.00835|1151.7301|953.8704|-38.31849|0|0|0|0|0|0|0|0
southkarana|Lair of the Splitpaw|box|-2994.7463|900.00507|102.18747|-3513.1223|599.01416|-49.47368|0|0|0|0|0|0|0|0
southkarana|Cursed Wizard Stones|box|-1933.2677|-1528.29|95.36036|-2329.31|-1929.8073|-48.17821|0|0|0|0|0|0|0|0
southkarana|Centaur Town|box|700.27893|-1955.5818|156.32324|-349.1006|-2948.2998|-69.66049|0|0|0|0|0|0|0|0
southkarana|Hermit House|box|-5188.768|-2496.932|92.11942|-5747.6616|-2827.7095|-22.40014|0|0|0|0|0|0|0|0
southkarana|Aviak Town|box|-6111.8677|2361.8618|277.68176|-7366.0005|242.25996|-123.77607|0|0|0|0|0|0|0|0
southkarana|Ruined Stone Ring|box|-5925.08|-3168.7927|84.41325|-6296.2065|-3541.133|-33.35113|0|0|0|0|0|0|0|0
sro|Desert|box|2655.6836|1829.046|396.4384|-924.1938|-1038.1534|-238.82948|0|0|0|0|0|0|0|0
steamfont|The Windmills|box|668.5876|-75.61566|409.5407|-391.17725|-1247.8759|-228.81651|0|0|0|0|0|0|0|0
steamfont|Minotaur Caves|box|1964.8301|-1998.0936|-48.734|1027.7181|-2531.046|-205.28555|0|0|0|0|0|0|0|0
steamfont|Minotaur Caves|box|1486.4514|-1920.1505|-3.27108|1161.79|-2492.4016|-156.22105|0|0|0|0|0|0|0|0
steamfont|Minotaur Caves|box|1440.3339|-1656.8593|-33.39731|1086.998|-2033.8217|-195.41106|0|0|0|0|0|0|0|0
steamfont|Ak'Anon|box|-1465.5211|895.6044|37.26933|-2252.6184|181.76176|-302.85834|0|0|0|0|0|0|0|0
steamfont|Druid Stone Ring|box|-1487.7184|1796.9418|76.13236|-1984.6888|1419.9291|-284.84137|0|0|0|0|0|0|0|0
steamfont|South Kobold Camp|box|-550.74524|1970.2544|-17.60647|-1025.2189|1508.6145|-245.6292|0|0|0|0|0|0|0|0
steamfont|Dragon Skeleton|box|-905.10376|-333.56256|43.23204|-1528.8428|-1015.2494|-195.12447|0|0|0|0|0|0|0|0
steamfont|North Kobold Camp|box|1931.1133|1453.3762|88.201|1453.4252|947.3088|-200.57358|0|0|0|0|0|0|0|0
timorous|Firepot Room|box|-12172.98|4448.129|-205.90848|-12340.497|4279.8267|-296.14996|0|0|0|0|0|0|0|0
tox|Wizard Spires|box|-1226.9492|-589.686|301.72333|-1772.6271|-1188.6141|-150.91708|0|0|0|0|0|0|0|0
tox|Paineel|box|-2125.334|-44.73701|247.61536|-2861.7017|-557.1167|-197.87302|0|0|0|0|0|0|0|0
tox|Erudin|box|2724.2063|375.0327|106.45788|2125.3372|58.90364|-149.53595|0|0|0|0|0|0|0|0
tox|Kerra Isle|box|-259.6497|2762.9668|346.92697|-634.2378|2341.2754|-312.54846|0|0|0|0|0|0|0|0
